Name,RankingPosition,PriceLevel,Type,Rating,Address,Latitude,Longitude,NumberOfReviews,Suburb
Hopetoun Tea Rooms est. 1892,26,$$ - $$$,restaurant,4.5,"421 Bourke St Hopetoun Tea Rooms, Melbourne, Victoria 3000 Australia",-37.8147447,144.9617186,2311,Melbourne
Da Guido La Pasta,2,$$ - $$$,restaurant,4.5,"130 Lygon St Carlton, Melbourne, Victoria 3053 Australia",-37.8040324,144.9666117,1095,Carlton
Foglia di Fico,3,$$ - $$$,restaurant,5,"585 La Trobe St (Spencer St entrance), Melbourne, Victoria 3000 Australia",-37.8133556,144.9519345,202,Melbourne
Pidapipo Gelateria,11,$,restaurant,4.5,"299 Lygon St, Carlton, Melbourne, Victoria 3053 Australia",-37.7983787,144.9670955,433,Carlton
Kazuki's,9,$$$$,restaurant,4.5,"121 Lygon St Carlton, Melbourne, Victoria 3053 Australia",-37.8041216,144.9660142,500,Carlton
Hochi Mama,17,$$ - $$$,restaurant,4.5,"35 Little Bourke St, Melbourne, Victoria 3000 Australia",-37.810701,144.971677,1469,Melbourne
Sezar,18,$$ - $$$,restaurant,4.5,"6 Melbourne Pl, Melbourne, Victoria 3000 Australia",-37.81339,144.9689499,1024,Melbourne
The French Brasserie,19,$$$$,restaurant,4.5,"2 Malthouse Lane, Melbourne, Victoria 3000 Australia",-37.8154573,144.9715812,721,Melbourne
The Railway Club Hotel Steakhouse,24,$$ - $$$,restaurant,4.5,"107 Raglan St Port Melbourne, Melbourne, Victoria 3207 Australia",-37.8337815,144.9443076,680,Port Melbourne
Bistrot d'Orsay,29,$$ - $$$,restaurant,4.5,"184 Collins St, Melbourne, Victoria 3000 Australia",-37.8150355,144.967406,497,Melbourne
Da Guido 365,7,$$ - $$$,restaurant,4.5,"365 Little Collins St, Melbourne, Victoria 3000 Australia",-37.8155631,144.9626661,524,Melbourne
Roule Galette Melbourne,8,$,restaurant,4.5,"241 Flinders Lane Shop 1, Melbourne, Victoria 3000 Australia",-37.8168239,144.9662818,604,Melbourne
Eau De Vie,15,$$ - $$$,restaurant,4.5,"1 Malthouse Lane, Melbourne, Victoria 3000 Australia",-37.8157231,144.9715309,814,Melbourne
Tipo 00,20,$$ - $$$,restaurant,4.5,"361 Little Bourke St, Melbourne, Victoria 3000 Australia",-37.8135846,144.9619894,823,Melbourne
Ruyi Modern Chinese,25,$$ - $$$,restaurant,4.5,"16 Liverpool St, Melbourne, Victoria 3000 Australia",-37.8110844,144.9714663,377,Melbourne
David's Master Pot (Elizabeth St - CBD),21,$$ - $$$,restaurant,5,"462 Elizabeth St, Melbourne, Victoria 3000 Australia",-37.8078645,144.9606099,140,Melbourne
Longrain,28,$$ - $$$,restaurant,4.5,"44 Little Bourke St, Melbourne, Victoria 3000 Australia",-37.8106475,144.9712096,1172,Melbourne
Straight Outta Saigon,13,$$ - $$$,restaurant,4.5,"138 Russell Street Ground level, Melbourne, Victoria 3000 Australia",-37.8130144,144.96839,337,Melbourne
Patricia Coffee Brewers,27,$,restaurant,4.5,"493-495 Little Bourke St, Melbourne, Victoria 3000 Australia",-37.8146934,144.9582383,212,Melbourne
Coda,49,$$$$,restaurant,4.5,"141 Flinders Lane, Melbourne, Victoria 3000 Australia",-37.8157661,144.9698897,1150,Melbourne
Bowery to Williamsburg,55,$$ - $$$,restaurant,4.5,"16 Oliver Lane, Melbourne, Victoria 3000 Australia",-37.8162381,144.970252,322,Melbourne
Rare Steakhouse Midtown,51,$$ - $$$,restaurant,4.5,"12 Goldie Pl, Melbourne, Victoria 3000 Australia",-37.813386,144.960767,344,Melbourne
Seven Seeds,46,$$ - $$$,restaurant,4.5,"114 Berkley Street Carlton, Melbourne, Victoria Australia",-37.8028937,144.9590482,381,Carlton
Bettyâ€™s Burgers & Concrete Co,44,$,restaurant,4.5,"97 Elizabeth St, Melbourne, Victoria 3000 Australia",-37.8159123,144.9636262,1215,Melbourne
seamstress,36,$$ - $$$,restaurant,4.5,"113 Lonsdale St, Melbourne, Victoria 3000 Australia",-37.8105559,144.9690188,501,Melbourne
Laksa King,61,$,restaurant,4.5,"6-12 Pin Oak Cres Flemington, Melbourne, Victoria 3031 Australia",-37.7878851,144.9295518,557,Flemington
Sud Food and Wine,56,$$ - $$$,restaurant,4.5,"219 King St, Melbourne, Victoria 3000 Australia",-37.8151074,144.9549067,230,Melbourne
11 Inch Pizza,4,$,restaurant,4.5,"Shop 7A 353 Little Collins St, Melbourne, Victoria 3000 Australia",-37.8155661,144.9629631,324,Melbourne
Operator 25,22,$$ - $$$,restaurant,4.5,"25 Wills St, Melbourne, Victoria 3000 Australia",-37.8107329,144.9570341,447,Melbourne
Koko Black Chocolate,38,$$ - $$$,restaurant,4.5,"52 Collins St, Melbourne, Victoria 3000 Australia",-37.8134641,144.9718105,558,Melbourne
Auction Rooms,57,$$ - $$$,restaurant,4.5,"103-107 Errol St, Melbourne, Victoria 3051 Australia",-37.8025013,144.9494883,432,North Melbourne
Tonka,58,$$$$,restaurant,4.5,"20 Duckboard Pl, Melbourne, Victoria 3000 Australia",-37.8157594,144.9714188,817,Melbourne
Il Solito Posto,23,$$ - $$$,restaurant,4.5,"113 Collins St via George Parade, Melbourne, Victoria 3000 Australia",-37.8147691,144.9702618,989,Melbourne
Geppetto Trattoria,5,$$ - $$$,restaurant,4.5,"78A Wellington Pde, Melbourne, Victoria 3002 Australia",-37.8164787,144.9873637,439,East Melbourne
Scopri,1,$$ - $$$,restaurant,5,"191 Nicholson St Carlton, Melbourne, Victoria 3053 Australia",-37.7956862,144.975082,1049,Carlton
Railway Hotel,52,$$ - $$$,restaurant,4.5,"280 Ferrars St, Melbourne, Victoria 3205 Australia",-37.8353989,144.9557756,267,South Melbourne
Afternoon Tea at The Hotel Windsor,41,$$$$,restaurant,4.5,"111 Spring Street The Hotel Windsor, Melbourne, Victoria 3000 Australia",-37.812125,144.9729651,1508,Melbourne
Piccolo Mondo,47,$$ - $$$,restaurant,4.5,"240 Lygon St Carlton, Melbourne, Victoria 3053 Australia",-37.8015593,144.9671281,735,Carlton
1932 Cafe & Restaurant,50,$$ - $$$,restaurant,4.5,"220 Collins St Manchester Unity Building, Melbourne, Victoria 3000 Australia",-37.8153266,144.9661686,443,Melbourne
+39 Pizzeria,48,$$ - $$$,restaurant,4.5,"362 Little Bourke St, Melbourne, Victoria 3000 Australia",-37.8132826,144.9617644,1232,Melbourne
Red Spice Road,31,$$ - $$$,restaurant,4.5,"141 Queen St, Melbourne, Victoria 3000 Australia",-37.8153487,144.9606082,1737,Melbourne
Straits Cafe Melbourne,75,$$ - $$$,restaurant,4.5,"Rendezvous Hotel Melbourne 328 Flinders St, Melbourne, Victoria 3000 Australia",-37.8183324,144.9635426,262,Melbourne
Om Nom,83,$$$$,restaurant,4,"187 Flinders Lane Adelphi Hotel, Melbourne, Victoria 3000 Australia",-37.816265,144.9683427,545,Melbourne
MoVida Aqui,81,$$ - $$$,restaurant,4.5,"Nab Building, 1 500 Bourke St NAB Building, Melbourne, Victoria 3000 Australia",-37.8152622,144.9589353,752,Melbourne
Cicciolina,62,$$ - $$$,restaurant,4.5,"130 Acland St, Melbourne, Victoria 3182 Australia",-37.8685591,144.9800192,375,St Kilda
Movida Bar de Tapas,72,$$ - $$$,restaurant,4.5,"1 Hosier Lane, Melbourne, Victoria 3000 Australia",-37.8167338,144.9691879,2760,Melbourne
The Sherlock Holmes,64,$$ - $$$,restaurant,4.5,"415 Collins St, Melbourne, Victoria 3000 Australia",-37.8173653,144.9608277,344,Melbourne
Rare Steakhouse Downtown,60,$$ - $$$,restaurant,4.5,"42-44 King St, Melbourne, Victoria 3000 Australia",-37.8191552,144.9572031,516,Melbourne
Rice Paper Scissors,6,$$ - $$$,restaurant,4.5,"15 Hardware Lane, Melbourne, Victoria 3000 Australia",-37.8142828,144.9614027,2701,Melbourne
Ganache Chocolate,87,$$ - $$$,restaurant,4.5,"245 Collins St, Melbourne, Victoria 3000 Australia",-37.8159474,144.9657181,260,Melbourne
Flower Drum,42,$$$$,restaurant,4.5,"17 Market Lane, Melbourne, Victoria 3000 Australia",-37.8119154,144.9691713,1367,Melbourne
Rare Steakhouse Uptown,40,$$ - $$$,restaurant,4.5,"61 Little Collins St Shop 6, Melbourne, Victoria 3000 Australia",-37.8129822,144.9716921,755,Melbourne
Manchester Press,84,$$ - $$$,restaurant,4.5,"8 Rankins Lane, Melbourne, Victoria 3000 Australia",-37.8138885,144.9621516,500,Melbourne
Caterina's Cucina E Bar,85,$$ - $$$,restaurant,5,"221 Queen St, Melbourne, Victoria 3000 Australia",-37.8134202,144.9597956,111,Melbourne
Delhi Streets Indian Street Food,37,$,restaurant,4.5,"22 Katherine Pl, Melbourne, Victoria 3000 Australia",-37.819841,144.956474,262,Melbourne
Amiconi,71,$$ - $$$,restaurant,4.5,"359 Victoria St Locality is West Melbourne, Melbourne, Victoria 3003 Australia",-37.8053936,144.9495793,181,West Melbourne
La Luna Bistro,69,$$ - $$$,restaurant,4.5,"320 Rathdowne St Carlton, North, Melbourne, Victoria 3054 Australia",-37.7910977,144.9719126,384,Carlton North
pastuso,78,$$ - $$$,restaurant,4.5,"19 Acdc Lane Off Flinders Lane Between Collins St and Exhibition St, Melbourne, Victoria 3000 Australia",-37.8158817,144.9710089,857,Melbourne
Brunetti Classico - Carlton,79,$$ - $$$,restaurant,4.5,"380 Lygon St 380 Lygon St, Carlton Vic, Melbourne, Victoria 3053 Australia",-37.7981335,144.9677286,3247,Carlton
Lucy Liu Kitchen and Bar,67,$$ - $$$,restaurant,4.5,"23 Oliver Lane, Melbourne, Victoria 3000 Australia",-37.8159928,144.9699538,1195,Melbourne
Max Bar Restaurant,63,$$ - $$$,restaurant,4,"54 - 58 Hardware Lane, Melbourne, Victoria 3000 Australia",-37.8133408,144.9611612,1405,Melbourne
San Telmo,66,$$ - $$$,restaurant,4.5,"14 Meyers Pl, Melbourne, Victoria 3000 Australia",-37.8121868,144.9724559,709,Melbourne
Bamboo House Chinese Restaurant,90,$$ - $$$,restaurant,4.5,"47 Little Bourke St, Melbourne, Victoria 3000 Australia",-37.8109675,144.9711221,405,Melbourne
Vue De Monde,33,$$$$,restaurant,4.5,"525 Collins St Rialto Building 55th Floor, Melbourne, Victoria 3000 Australia",-37.8183961,144.957721,2035,Melbourne
Il Bacaro Cucina e Bar,12,$$$$,restaurant,4.5,"68-170 Little Collins St 168-170 Little Collins St, Melbourne, Victoria 3000 Australia",-37.8138632,144.967994,504,Melbourne
Grand Trailer Park Taverna,82,$$ - $$$,restaurant,4.5,"87 Bourke St, Melbourne, Victoria 3000 Australia",-37.8121554,144.9708994,296,Melbourne
B'Churrasco Brazilian BBQ,43,$$ - $$$,restaurant,4.5,"61 A'Beckett St, Melbourne, Victoria 3000 Australia",-37.8091543,144.9616982,557,Melbourne
The Hardware Societe,35,$$ - $$$,restaurant,4.5,"10 Katherine Pl, Melbourne, Victoria 3000 Australia",-37.8200218,144.9566345,1879,Melbourne
Supernormal,53,$$ - $$$,restaurant,4.5,"180 Flinders Lane, Melbourne, Victoria 3000 Australia",-37.815972,144.9683489,1619,Melbourne
Embla,70,$$ - $$$,restaurant,4.5,"122 Russell St, Melbourne, Victoria 3000 Australia",-37.813394,144.9686092,266,Melbourne
Cucinetta,10,$$ - $$$,restaurant,4.5,"U 4 3 Murphy St South Yarra, Melbourne, Victoria 3141 Australia",-37.8382844,144.9900594,401,South Yarra
Chocolate Buddha,32,$$ - $$$,restaurant,4.5,"Cnr. Flinders & Swanston Street Federation Square, Melbourne, Victoria 3000 Australia",-37.8175103,144.9675235,717,Melbourne
The Grain Store,39,$$ - $$$,restaurant,4.5,"Ground Floor 517 Flinders Lane, Melbourne, Victoria 3000 Australia",-37.8196561,144.95653,1248,Melbourne
Cargo Restaurant,86,$$ - $$$,restaurant,4.5,"Docklands Melbourne, Melbourne, Victoria 3008 Australia",-37.8170652,144.9419122,696,Docklands
Cecconi's Flinders Lane,80,$$$$,restaurant,4.5,"61 Flinders Lane, Melbourne, Victoria 3000 Australia",-37.8150555,144.9725293,539,Melbourne
MoVida Next Door,73,$$ - $$$,restaurant,4.5,"164 Flinders St, Melbourne, Victoria 3000 Australia",-37.8167888,144.9691739,528,Melbourne
Punch Lane,34,$$ - $$$,restaurant,4.5,"43 Little Bourke St, Melbourne, Victoria 3000 Australia",-37.8109091,144.9713803,667,Melbourne
DOC Pizza & Mozzarella Bar,91,$$ - $$$,restaurant,4.5,"295 Drummond St, Melbourne, Victoria 3053 Australia",-37.7989674,144.9684753,672,Carlton
Kenzan Japanese Restaurant,105,$$ - $$$,restaurant,4.5,"56 Flinders Lane At Collins Place, Melbourne, Victoria 3000 Australia",-37.8144879,144.9729852,278,Melbourne
Seasons Provedore,102,$$ - $$$,restaurant,4.5,"199 Lygon St, Melbourne, Victoria 3053 Australia",-37.800967,144.966654,494,Carlton
1806,110,$$ - $$$,restaurant,4.5,"169 Exhibition St, Melbourne, Victoria 3000 Australia",-37.811684,144.9701283,259,Melbourne
The Meat & Wine Co Southbank,112,$$ - $$$,restaurant,4,"3 Freshwater Pl 3 Queensbridge Street, Melbourne, Victoria 3006 Australia",-37.8215031,144.961902,1478,Southbank
Philippe,103,$$$$,restaurant,4.5,"115 Collins St, Melbourne, Victoria 3000 Australia",-37.8147295,144.9700165,261,Melbourne
The Quarter,94,$$ - $$$,restaurant,4,"27 Degraves St, Melbourne, Victoria 3000 Australia",-37.8170427,144.9654783,745,Melbourne
Cookie,95,$$ - $$$,restaurant,4,"U 1 252 Swanston St Level 1, 252 Swanston St, Melbourne, Victoria 3000 Australia",-37.8120083,144.9651728,1050,Melbourne
P.J.O'Brien's Irish Pub,92,$$ - $$$,restaurant,4,"Southgate Southgate Restaurant & Shopping Precinct, Melbourne, Victoria 3006 Australia",-37.8203389,144.9660726,544,Southbank
The  European,97,$$ - $$$,restaurant,4,"161 Spring St, Melbourne, Victoria 3000 Australia",-37.8108981,144.9725911,951,Melbourne
Rosco's at Chevron Cafe Bar,118,$$ - $$$,restaurant,4.5,"14/519 St Kilda Rd, Melbourne, Victoria 3004 Australia",-37.8453253,144.9794322,262,Melbourne
Hakata Gensuke Ramen,54,$,restaurant,4.5,"168 Russell St, Melbourne, Victoria 3000 Australia",-37.8122628,144.9681737,369,Melbourne
Taxi Kitchen,76,$$ - $$$,restaurant,4.5,"Level 1, Federation Square, Flinders Street Transport Hotel, Melbourne, Victoria 3000 Australia",-37.8183938,144.9684217,953,Melbourne
Bomba,65,$$ - $$$,restaurant,4.5,"103 Lonsdale St, Melbourne, Victoria 3000 Australia",-37.8104213,144.9691111,457,Melbourne
Cumulus Inc.,59,$$ - $$$,restaurant,4.5,"45 Flinders La, Melbourne, Victoria 3000 Australia",-37.8148032,144.9730757,2123,Melbourne
Gingerboy,77,$$ - $$$,restaurant,4.5,"27-29 Crossley St, Melbourne, Victoria 3000 Australia",-37.8112002,144.9709745,990,Melbourne
Grill Steak Seafood,68,$$ - $$$,restaurant,4.5,"68 - 78 Hardware Lane, Melbourne, Victoria 3000 Australia",-37.8130614,144.9610642,1479,Melbourne
Milk the Cow,2,$$ - $$$,restaurant,4.5,"U 1 157 Fitzroy St, St Kilda, Port Phillip, Victoria 3182 Australia",-37.8589,144.97947,338,St Kilda
Berth,109,$$ - $$$,restaurant,4,"45 New Quay Promenade Docklands, Melbourne, Victoria 3008 Australia",-37.8151482,144.9418505,568,Docklands
Carlton Wine Room,142,$$ - $$$,restaurant,4.5,"172-174 Faraday Street Carlton, Melbourne, Victoria Australia",-37.7986111,144.9686111,205,Carlton
Mamasita,135,$$ - $$$,restaurant,4,"11 Collins St, Melbourne, Victoria 3000 Australia",-37.8137892,144.9734671,1307,Melbourne
The Meatball and Wine Bar,132,$$ - $$$,restaurant,4,"135 Flinders Lane, Melbourne, Victoria 3000 Australia",-37.8157447,144.970197,699,Melbourne
A Hereford Beefstouw,139,$$ - $$$,restaurant,4.5,"22 Duckboard Pl, Melbourne, Victoria 3000 Australia",-37.8158063,144.9713154,199,Melbourne
Cafe Rosco,130,$$ - $$$,restaurant,4.5,"407D St Kilda Rd, Melbourne, Victoria 3004 Australia",-37.8361923,144.9761994,232,Melbourne
BangPop,119,$$ - $$$,restaurant,4,"35 South Wharf Promenade Off Dukes Walk, South Wharf, Melbourne, Victoria 3006 Australia",-37.824201,144.95135,559,South Wharf
Caffe e Cucina,147,$$ - $$$,restaurant,4,"581 Chapel St South Yarra, Melbourne, Victoria 3141 Australia",-37.8401884,144.9952627,490,South Yarra
Melba Restaurant,125,$$$$,restaurant,4,"1 Southgate Ave The Langham, Southbank, Melbourne, Victoria 3006 Australia",-37.8205751,144.9656601,1306,Southbank
Chokolait Hub,106,$$ - $$$,restaurant,4.5,"287 Lonsdale St Shop 342, Level 3, Emporium, Melbourne, Victoria 3000 Australia",-37.8123362,144.9637384,410,Melbourne
Waterfront,99,$$$$,restaurant,4,"Southgate Avenue Shop 20/3, Melbourne, Victoria 3006 Australia",-37.8204031,144.9662873,1525,Southbank
HQ's On William,122,$$ - $$$,restaurant,4.5,"380 William St Radisson on Flagstaff Gardens, Melbourne, Victoria 3000 Australia",-37.8103603,144.9560809,306,Melbourne
Bottega,96,$$$$,restaurant,4,"74 Bourke St, Melbourne, Victoria 3000 Australia",-37.8117213,144.9710448,405,Melbourne
Shanghai Street,121,$,restaurant,4,"342 Little Bourke St, Melbourne, Victoria 3000 Australia",-37.8132158,144.9623952,595,Melbourne
Lupino Bistro and Bar,16,$$ - $$$,restaurant,4.5,"41 Little Collins St, Melbourne, Victoria 3000 Australia",-37.812776,144.9723611,416,Melbourne
Mamak,116,$,restaurant,4,"366 Lonsdale St, Melbourne, Victoria 3000 Australia",-37.8122826,144.9615784,514,Melbourne
Donovans,1,$$$$,restaurant,4.5,"40 Jacka Boulevard, St Kilda, Port Phillip, Victoria 3182 Australia",-37.8685776,144.9751279,1022,St Kilda
Brick Lane Melbourne,14,$$ - $$$,restaurant,4.5,"33 Guildford Lane, Melbourne, Victoria 3000 Australia",-37.8114463,144.9598499,208,Melbourne
No35,104,$$$$,restaurant,4,"35/25 Collins St Level 35, Melbourne, Victoria 3000 Australia",-37.8139461,144.9734456,929,Melbourne
La Camera Restaurant Southgate,145,$$ - $$$,restaurant,4,"Shop MR2, Mid-level, Southgate Southbank, Melbourne, Victoria 3006 Australia",-37.8203389,144.9660726,1148,Southbank
Brother Baba Budan,30,$,restaurant,4.5,"359 Little Bourke St Cbd, Melbourne, Victoria 3000 Australia",-37.813541,144.9620988,440,Melbourne
Japanese Teppanyaki Inn,107,$$$$,restaurant,4.5,"182 Collins St, Melbourne, Victoria 3000 Australia",-37.8150015,144.9675291,219,Melbourne
Rosa's Canteen,138,$$ - $$$,restaurant,4.5,"Cnr Little Bourke & Thomson St Level 1, Melbourne, Victoria 3000 Australia",-37.8144103,144.9587573,154,Melbourne
Two Birds One Stone,101,$$ - $$$,restaurant,4.5,"12 Claremont St, Melbourne, Victoria 3141 Australia",-37.8379997,144.9940221,366,South Yarra
Red Emperor Chinese Restaurant,165,$$ - $$$,restaurant,4,"3 Southgate Ave M10/ Mid Level, Melbourne, Victoria 3006 Australia",-37.82009,144.9663893,534,Southbank
Squires Loft South Yarra,93,$$ - $$$,restaurant,4.5,"166 Toorak Rd, Melbourne, Victoria 3141 Australia",-37.8379464,144.9851537,383,South Yarra
Grossi  Florentino,133,$$$$,restaurant,4,"80 Bourke St, Melbourne, Victoria 3000 Australia",-37.8117334,144.9708074,1262,Melbourne
Epocha,128,$$$$,restaurant,4.5,"49 Rathdowne St Carlton South, Melbourne, Victoria 3053 Australia",-37.8059343,144.96879,254,Carlton
Magic Mountain Saloon,148,$$ - $$$,restaurant,4,"62 Little Collins St, Melbourne, Victoria 3000 Australia",-37.81281,144.971442,289,Melbourne
The Bank on Collins,98,$$ - $$$,restaurant,4,"394 Collins St, Melbourne, Victoria 3000 Australia",-37.8167434,144.9612062,393,Melbourne
Ponyfish Island,115,$$ - $$$,restaurant,4,"Underneath Evan Walker Pedestrian Bridge Southbank, Melbourne, Victoria 3006 Australia",-37.8199057,144.9650109,479,Melbourne
IL Dolce Freddo,146,$,restaurant,4.5,"116 Lygon Street, Carlton, Melbourne, Victoria 3053 Australia",-37.8042985,144.9665411,175,Carlton
Osteria Ilaria,120,$$ - $$$,restaurant,4.5,"367 Little Bourke St, Melbourne, Victoria 3000 Australia",-37.8136094,144.9618977,248,Melbourne
Juicy Bao,123,$,restaurant,4.5,"178-190 Little Bourke St Shop 2, Melbourne, Victoria 3000 Australia",-37.8118913,144.9669625,365,Melbourne
Fitzrovia,3,$$ - $$$,restaurant,4.5,"155 Fitzroy St, St Kilda, Port Phillip, Victoria 3182 Australia",-37.8589853,144.9792654,732,St Kilda
Trattoria Emilia,141,$$ - $$$,restaurant,4.5,"360 Little Collins St Little Collins Street, Melbourne, Victoria 3000 Australia",-37.815333,144.9626731,261,Melbourne
Maha,45,$$$$,restaurant,4.5,"21 Bond St, Melbourne, Victoria 3000 Australia",-37.8181528,144.962662,1702,Melbourne
Tiamo,144,$$ - $$$,restaurant,4,"303 Lygon St Carlton, Melbourne, Victoria 3053 Australia",-37.7981962,144.9670955,726,Carlton
Vivace,1,$$ - $$$,restaurant,4.5,"317 Bay St, Brighton, Bayside, Victoria 3186 Australia",-37.9054646,145.0030601,408,Brighton
Conservatory,108,$$$$,restaurant,4,"Crown Entertainment Complex 8 Whiteman St 8 Whiteman St, Southbank, Melbourne, Victoria 3006 Australia",-37.8235301,144.9580953,1129,Southbank
Dukes Coffee Roasters,89,$,restaurant,4.5,"247 Flinders Lane, Melbourne, Victoria 3000 Australia",-37.8168963,144.9660953,182,Melbourne
Trunk,129,$$ - $$$,restaurant,4,"275 Exhibition St, Melbourne, Victoria 3000 Australia",-37.8093611,144.9689708,769,Melbourne
Becco,124,$$$$,restaurant,4.5,"11-25 Crossley St, Melbourne, Victoria 3000 Australia",-37.8114384,144.9709133,378,Melbourne
Sally's Kitchen and Winebar,131,$$ - $$$,restaurant,4.5,"115 Little Lonsdale St, Melbourne, Victoria 3000 Australia",-37.8094188,144.9685701,232,Melbourne
Higher Ground,134,$$ - $$$,restaurant,4,"650 Little Bourke St, Melbourne, Victoria 3000 Australia",-37.8157491,144.9530438,713,Melbourne
The Recreation bistro x bottleshop,143,$$ - $$$,restaurant,4.5,"162-170 Queens Parade, Fitzroy North, Melbourne, Victoria 3068 Australia",-37.7905673,144.9852208,109,Fitzroy North
Pellegrini's Espresso Bar,127,$,restaurant,4,"66 Bourke St, Melbourne, Victoria 3000 Australia",-37.8116808,144.9711915,1067,Melbourne
DoDee Paidang Thai Bar and Cafe,117,$,restaurant,4.5,"353 Little Collins St, Melbourne, Victoria 3000 Australia",-37.8158988,144.9631565,185,Melbourne
Ca de Vin,136,$$ - $$$,restaurant,4,"350 Bourke St Melbourne GPO, Melbourne, Victoria 3000 Australia",-37.8135391,144.9632758,523,Melbourne
Terra Rossa Restaurant & Bar,137,$$ - $$$,restaurant,4,"87 Flinders Lane, Melbourne, Victoria 3000 Australia",-37.8152624,144.9713399,458,Melbourne
Noir,3,$$$$,restaurant,4.5,"175 Swan St, Richmond, Yarra, Victoria 3121 Australia",-37.8254928,144.997523,234,Richmond
Bistro Thierry,1,$$$$,restaurant,4.5,"511 Malvern Rd, Toorak, Stonnington, Victoria 3142 Australia",-37.8479337,145.0035105,540,Toorak
Bouzy Rouge,2,$$ - $$$,restaurant,4.5,"470 Bridge Rd, Richmond, Yarra, Victoria 3121 Australia",-37.8195644,145.0071607,358,Richmond
Sake Restaurant & Bar,180,$$ - $$$,restaurant,4,"100 St Kilda Rd Hamer Hall, Arts Centre, Melbourne, Victoria 3004 Australia",-37.8201455,144.9679946,725,Southbank
Ginger Olive Restaurant and Grill,164,$$ - $$$,restaurant,5,"U 2 38 Manchester Lane Corner Manchester Lane and Flinders Lane, Melbourne, Victoria 3000 Australia",-37.8164935,144.9662126,80,Melbourne
Mercadante Woodfired Pizzeria,175,$$ - $$$,restaurant,4.5,"Shop 123, Lygon St Carlton, Melbourne, Victoria 3053 Australia",-37.8040987,144.966046,365,Carlton
Palermo,166,$$ - $$$,restaurant,4.5,"401 Little Bourke St, Melbourne, Victoria 3000 Australia",-37.813901,144.9609941,143,Melbourne
France Soir,154,$$$$,restaurant,4,"11 Toorak Rd South Yarra, Melbourne, Victoria 3141 Australia",-37.8381816,144.9869535,654,South Yarra
Blondie Bar,155,$$ - $$$,restaurant,4,"Corner Sturt Street & Southbank Boulevard, Southbank Melbourne Recital Centre, Melbourne, Victoria 3006 Australia",-37.8238758,144.9676033,258,Southbank
Ciao Cielo,159,$$ - $$$,restaurant,4.5,"115 Bay St, Melbourne, Victoria 3207 Australia",-37.840291,144.9403302,268,Port Melbourne
Madame Brussels,114,$$ - $$$,restaurant,4,"59-63 Bourke St Level 3, Above Spaghetti Tree Restaurant!, Melbourne, Victoria 3000 Australia",-37.8119715,144.9715104,461,Melbourne
Pure South Dining,177,$$$$,restaurant,4,"3 Southgate Ave Southbank, Melbourne, Victoria 3006 Australia",-37.820556,144.965833,927,Southbank
Nobu Melbourne,178,$$$$,restaurant,4,"Crown Entertainment Complex 8 Whiteman St, Melbourne, Victoria 3006 Australia",-37.8235301,144.9580953,1462,Southbank
Stalactites,149,$$ - $$$,restaurant,4,"177-183 Lonsdale St, Melbourne, Victoria 3000 Australia",-37.8111764,144.9670673,1473,Melbourne
St Ali Coffee Roasters,111,$$ - $$$,restaurant,4,"12-18 Yarra Pl, Melbourne, Victoria 3205 Australia",-37.8312737,144.9603327,632,South Melbourne
Hofbrauhaus,126,$$ - $$$,restaurant,4,"18-26 Market Lane In the heart of Chinatown, Melbourne, Victoria 3000 Australia",-37.811775,144.9693901,475,Melbourne
The Lui Bar,113,$$$$,restaurant,4.5,"Rialto L 55 525 Collins St, Melbourne, Victoria 3000 Australia",-37.8182741,144.957646,463,Melbourne
Centonove,1,$$$$,restaurant,4.5,"109 Cotham Rd, Kew, Boroondara, Victoria 3101 Australia",-37.8075681,145.0387546,252,Kew
Axil Coffee Roasters,150,$$ - $$$,restaurant,4.5,"322 Burwood Rd Hawthorn Not Camberwell, Melbourne, Victoria 3122 Australia",-37.8228023,145.0342226,200,Hawthorn
Claypots Seafood Bar,4,$$ - $$$,restaurant,4.5,"213 Barkly St, St Kilda, Port Phillip, Victoria 3182 Australia",-37.8699281,144.9804956,525,St Kilda
La Cucina Di Sandra,5,$$ - $$$,restaurant,5,"62 Lyndhurst St Warehouse 62, Richmond, Yarra, Victoria 3121 Australia",-37.8208416,144.9998269,73,Richmond
Vaporetto Bar & Eatery,2,$$ - $$$,restaurant,4.5,"Rear 681 Glenferrie Rd Enter via Grace St, Hawthorn, Boroondara, Victoria 3122 Australia",-37.8204272,145.0355616,261,Hawthorn
Box Seafood Restaurant,168,$$$$,restaurant,4,"189 Collins St, Melbourne, Victoria 3000 Australia",-37.8153416,144.9677447,416,Melbourne
Ombra Salumi Bar,158,$$ - $$$,restaurant,4.5,"76 Bourke St, Melbourne, Victoria 3000 Australia",-37.8117355,144.9709762,230,Melbourne
Brunetti Oro Flinders Lane,176,$$ - $$$,restaurant,4,"250 Flinders Ln, Melbourne, Victoria 3000 Australia",-37.8164259,144.9657009,332,Melbourne
The Kettle Black,140,$$ - $$$,restaurant,4,"50 Albert Rd, Melbourne, Victoria 3205 Australia",-37.8339749,144.9710507,450,South Melbourne
The Vegie Bar,6,$$ - $$$,restaurant,4,"380 Brunswick St, Fitzroy, Yarra, Victoria 3065 Australia",-37.7958383,144.9791427,936,Fitzroy
Fiorelli,1,$$ - $$$,restaurant,4.5,"209 Camberwell Road, Camberwell, Victoria 3124 Australia",-37.830406,145.05586,213,Hawthorn East
Galleon Cafe,5,$$ - $$$,restaurant,4.5,"9 Carlisle St, St Kilda, Port Phillip, Victoria 3182 Australia",-37.8670551,144.9790896,260,St Kilda
Estelle,1,$$$$,restaurant,4.5,"243 High St, Northcote, Victoria 3070 Australia",-37.7732119,144.9979146,395,Northcote
Top Paddock,4,$$ - $$$,restaurant,4,"658 Church Street, Richmond, Yarra, Victoria Australia",-37.8330948,144.9962103,692,Cremorne
Jinda Thai,1,$$ - $$$,restaurant,4.5,"3-7 Ferguson St, Abbotsford, Yarra, Victoria 3067 Australia",-37.8092839,144.9923697,328,Abbotsford
Byblos Bar & Restaurant,191,$$ - $$$,restaurant,4,"12 World Trade Centre, Melbourne, Victoria 3005 Australia",-37.8229849,144.9543437,314,Docklands
Eureka 89,190,$$$$,restaurant,4.5,"7 Riverside Quay Level 89, Eureka Tower, Melbourne, Victoria 3006 Australia",-37.8213342,144.9646982,264,Southbank
Hanoi Mee Kitchen & Bar,184,$$ - $$$,restaurant,4.5,"140 Rouse St Port Melbourne, Melbourne, Victoria 3207 Australia",-37.8420644,144.9398109,112,Port Melbourne
The Olive Tree,186,$$ - $$$,restaurant,4.5,"19 Park St, Melbourne, Victoria 3205 Australia",-37.8331008,144.9699897,180,South Melbourne
Chuckle Park Bar,188,$$ - $$$,restaurant,4.5,"322 Little Collins St, Melbourne, Victoria 3000 Australia",-37.8149346,144.9640367,157,Melbourne
Gin Palace,156,$$ - $$$,restaurant,4.5,"10 Russell Pl, Melbourne, Victoria 3000 Australia",-37.8138343,144.9675091,274,Melbourne
Mahn Doo,169,$$ - $$$,restaurant,4.5,"365 La Trobe St, Melbourne, Victoria 3000 Australia",-37.8113767,144.9586343,119,Melbourne
Banff,8,$,restaurant,4.5,"145 Fitzroy St, St Kilda, Port Phillip, Victoria 3182 Australia",-37.8593134,144.9785336,384,St Kilda
Young and Jacksons,167,$$ - $$$,restaurant,4,"Cnr Swanston & Flinders Sts, Melbourne, Victoria 3000 Australia",-37.8175406,144.9674005,366,Melbourne
Attica,1,$$$$,restaurant,4.5,"74 Glen Eira Rd, Ripponlea, Port Phillip, Victoria 3185 Australia",-37.8770079,144.9972755,626,Ripponlea
St LuJa,7,$$ - $$$,restaurant,4.5,"9 Fitzroy St, St Kilda, Port Phillip, Victoria 3182 Australia",-37.8626312,144.9731817,124,St Kilda
Sister of Soul,9,$$ - $$$,restaurant,4,"73 Acland St, St Kilda, Port Phillip, Victoria 3182 Australia",-37.867712,144.978752,402,St Kilda
Bistro Guillaume,160,$$$$,restaurant,4,"Crown Entertainment Complex 8 Whiteman St Riverside at Crown, Southbank, Melbourne, Victoria 3006 Australia",-37.8238012,144.9598397,1115,Southbank
Mezzo,225,$$ - $$$,restaurant,4,"35 Little Bourke St, Melbourne, Victoria 3000 Australia",-37.810701,144.971677,324,Melbourne
Self Preservation,230,$$ - $$$,restaurant,4,"70 Bourke St, Melbourne, Victoria 3000 Australia",-37.8117064,144.9711052,207,Melbourne
Vertue Coffee Roasters,217,$$ - $$$,restaurant,4.5,"8 Raffa Place, Melbourne, Victoria 3053 Australia",-37.7976944,144.9683387,114,Carlton
Shakahari Vegetarian Restaurant,231,$$ - $$$,restaurant,4.5,"201-203 Faraday St, Melbourne, Victoria 3053 Australia",-37.798995,144.967807,221,Carlton
Bacash Restaurant,219,$$$$,restaurant,4.5,"175 Domain Rd, Melbourne, Victoria 3141 Australia",-37.8341667,144.9819444,208,Melbourne
Koko Japanese Restaurant,241,$$$$,restaurant,4,"Crown Entertainment Complex 8 Whiteman St 8 Whiteman St, Southbank, Melbourne, Victoria 3006 Australia",-37.8235301,144.9580953,323,Southbank
La Belle Miette,239,$$ - $$$,restaurant,4.5,"8 Collins St, Melbourne, Victoria 3000 Australia",-37.8130696,144.9732276,121,Melbourne
Cafe Excello,193,$$ - $$$,restaurant,4,"99 Spring St, Melbourne, Victoria 3000 Australia",-37.8125245,144.9733336,220,Melbourne
Lee Ho Fook,202,$$ - $$$,restaurant,4.5,"11-15 Duckboard Pl, Melbourne, Victoria 3000 Australia",-37.8155997,144.9713084,200,Melbourne
Scugnizzo,199,$$ - $$$,restaurant,4.5,"558 Little Bourke St Entrance via Merritts place, Melbourne, Victoria 3000 Australia",-37.8148972,144.9559351,180,Melbourne
The Breslin Bar & Grill,179,$$ - $$$,restaurant,4,"2 Southbank Bvd, Melbourne, Victoria 3006 Australia",-37.822022,144.9621558,650,Southbank
Tazio,201,$$ - $$$,restaurant,4,"91 Flinders Lane, Melbourne, Victoria 3000 Australia",-37.815405,144.9712067,291,Melbourne
Rice Paper,192,$,restaurant,4,"245 Swanston St, Melbourne, Victoria 3000 Australia",-37.8122584,144.9648361,287,Melbourne
Papa Gino's Pizza Restaurant,209,$$ - $$$,restaurant,4,"Lygon Street Carlton, Melbourne, Victoria 3053 Australia",-37.8000755,144.9670959,465,Carlton
Encore Bar and Restaurant,210,$$ - $$$,restaurant,4.5,"131 Lonsdale St, Melbourne, Victoria 3000 Australia",-37.810779,144.9685513,135,Melbourne
The Jazz Corner Cafe,203,$$ - $$$,restaurant,4,"350 William St located within The Jazz Corner Hotel - lobby cafe and mezzanine restaurant, Melbourne, Victoria 3000 Australia",-37.8154899,144.9717649,305,Melbourne
Hutong Dumpling Bar,153,$$ - $$$,restaurant,4,"14-16 Market Lane, Melbourne, Victoria 3000 Australia",-37.811884,144.9694785,766,Melbourne
Giro d'Italia,74,$$ - $$$,restaurant,5,"401 Saint Kida Road, Melbourne, Victoria 3000 Australia",-37.8356864,144.975968,84,Melbourne
Il Duca,157,$$ - $$$,restaurant,4.5,"132 Wellington Pde, Melbourne, Victoria 3002 Australia",-37.8162867,144.985711,242,East Melbourne
Merchant,182,$$ - $$$,restaurant,4,"495 Collins St, Melbourne, Victoria 3000 Australia",-37.8183605,144.9580642,331,Melbourne
Richmond Oyster,6,$$ - $$$,restaurant,4.5,"437 Church St, Richmond, Yarra, Victoria 3121 Australia",-37.8262953,144.9981382,326,Cremorne
Marion Wine Bar,8,$$ - $$$,restaurant,4.5,"53 Gertrude St, Fitzroy, Yarra, Victoria 3065 Australia",-37.8054372,144.9758521,145,Fitzroy
Mitre Tavern Steakhouse & Grill,151,$$ - $$$,restaurant,4,"5 Bank Pl Level 1, Melbourne, Victoria 3000 Australia",-37.8167925,144.9603327,424,Melbourne
Naked for Satan,5,$$ - $$$,restaurant,4.5,"285 Brunswick St, Fitzroy, Yarra, Victoria 3065 Australia",-37.7987495,144.977983,1244,Fitzroy
Chez Dre Cafe,229,$$ - $$$,restaurant,4,"Rear of 285/287 Coventry St Access Via Alleyway, Melbourne, Victoria 3205 Australia",-37.8326392,144.9582379,386,South Melbourne
Pier Port Melbourne,220,$$ - $$$,restaurant,4.5,"1 Bay St, Melbourne, Victoria 3207 Australia",-37.8428269,144.9380888,189,Port Melbourne
Little Ramen Bar,236,$,restaurant,4,"369 Little Collins St, Melbourne, Victoria 3000 Australia",-37.8158514,144.9626074,173,Melbourne
Red Pepper Indian Restaurant,254,$$ - $$$,restaurant,4,"14 Bourke St, Melbourne, Victoria 3000 Australia",-37.811314,144.972481,408,Melbourne
Pacinos Italian Family Restaurant,1,$$ - $$$,restaurant,4.5,"300 Epsom Rd 300-320 Epsom Road, Ascot Vale, Moonee Valley, Victoria 3031 Australia",-37.7827318,144.9164815,240,Flemington
Angus & Bon,1,$$ - $$$,restaurant,4.5,"168 Greville Street, Prahran, Stonnington, Victoria 3181 Australia",-37.8496092,144.9922938,168,Prahran
Miyako Japanese Cuisine & Teppanyaki,250,$$ - $$$,restaurant,4,"3 Southgate Ave Upper Level, Shop UR2, Southgate Arts & Leisure Precinct, Melbourne, Victoria 3006 Australia",-37.820556,144.965833,323,Southbank
Nirankar Restaurant,248,$$ - $$$,restaurant,4.5,"174-176 Queen St, Melbourne, Victoria 3000 Australia",-37.814316,144.960662,189,Melbourne
BearBrass,252,$$ - $$$,restaurant,4,"Shop GR3A 3 Southgate Ave Southbank VIC, Melbourne, Victoria 3006 Australia",-37.820556,144.965833,625,Southbank
3 Brothersss Indian Restaurant,228,$$ - $$$,restaurant,5,"513 Elizabeth St Queen Victoria Market, Melbourne, Victoria 3000 Australia",-37.8075798,144.956785,41,Melbourne
Cherry & Twigs,233,$,restaurant,4.5,"Shop 1B 555 Flinders Lane, Melbourne, Victoria 3000 Australia",-37.8199985,144.9558061,135,Melbourne
Shujinko,261,$,restaurant,4,"225 Russell St, Melbourne, Victoria 3000 Australia",-37.811322,144.967134,142,Melbourne
Aagaman Indian Nepalese Restaurant,262,$$ - $$$,restaurant,4.5,"271 Bay St, Melbourne, Victoria 3207 Australia",-37.8373679,144.9428952,132,Port Melbourne
Kisume,234,$$$$,restaurant,4,"175 Flinders Lane, Melbourne, Victoria 3000 Australia",-37.8161823,144.9686911,399,Melbourne
Cafe Andiamo,226,$$ - $$$,restaurant,4,"36-38 Degraves Lane, Melbourne, Victoria 3000 Australia",-37.8169409,144.9658414,553,Melbourne
Simply Spanish QVM,215,$$ - $$$,restaurant,4.5,"513 Elizabeth St, Melbourne, Victoria 3000 Australia",-37.806738,144.9587744,210,Melbourne
The Deck Restaurant,216,$$ - $$$,restaurant,4,"Upper Level Southgate Southgate Centre, Southgate Arts & Leisure Complex/3, Melbourne, Victoria 3006 Australia",-37.8203389,144.9660726,284,Southbank
Bangkok Jam,205,$$ - $$$,restaurant,4.5,"107 Little Bourke St, Melbourne, Victoria 3000 Australia",-37.8114817,144.9692505,100,Melbourne
Teatro,206,$$ - $$$,restaurant,4,"Southbank Promenade Tenancy A Hamer Hall, Melbourne, Victoria 3006 Australia",-37.8201455,144.9679946,510,Southbank
Meatmaiden,204,$$ - $$$,restaurant,4,"195 Little Collins St Basement, Melbourne, Victoria 3000 Australia",-37.814305,144.9677607,344,Melbourne
Betty's Burgers,185,$$ - $$$,restaurant,4.5,"222 Exhibition St, Melbourne, Victoria 3000 Australia",-37.8108504,144.9694871,86,Melbourne
China Red,181,$$ - $$$,restaurant,4,"Shop 6 206 Bourke St, Melbourne, Victoria 3000 Australia",-37.8129003,144.9670263,353,Melbourne
SPQR Pizzeria,197,$$ - $$$,restaurant,4.5,"26 Liverpool Street, Melbourne 3000, Melbourne, Victoria 3000 Australia",-37.8109977,144.9714065,194,Melbourne
The Atlantic Restaurant,207,$$$$,restaurant,4,"Crown Entertainment Complex 8 Whiteman St Crown Entertainment Complex, Melbourne, Victoria 3006 Australia",-37.8235301,144.9580953,1570,Southbank
Rockpool Bar & Grill,189,$$$$,restaurant,4,"Crown Complex Southbank, Melbourne, Victoria 3006 Australia",-37.8235301,144.9580953,1961,Southbank
Rubiras,174,$$ - $$$,restaurant,4.5,"192 Station St Swallows Hotel, Melbourne, Victoria 3207 Australia",-37.8327451,144.9455607,218,Port Melbourne
Metro Burger,100,$,restaurant,4.5,"12 Degraves St, Melbourne, Victoria 3000 Australia",-37.8175357,144.9660006,146,Melbourne
Dunyazad,235,$$ - $$$,restaurant,4.5,"329 Doncaster Rd, Balwyn North, Boorandara, Melbourne, Victoria VIC 3104 Australia",-37.7906587,145.0959269,171,Balwyn North
Bar Lourinha,172,$$ - $$$,restaurant,4.5,"37 Little Collins St, Melbourne, Victoria 3000 Australia",-37.8127752,144.9725022,284,Melbourne
Chin Chin,162,$$ - $$$,restaurant,4.5,"125 Flinders Lane, Melbourne, Victoria 3000 Australia",-37.8156575,144.9703881,6029,Melbourne
Izakaya Den,173,$$ - $$$,restaurant,4.5,"Basement 118 Russell St, Melbourne, Victoria 3000 Australia",-37.8135258,144.9688929,258,Melbourne
Matteo's,1,$$$$,restaurant,4.5,"533 Brunswick St Melbourne, North Fitzroy, Yarra, Victoria 3068 Australia",-37.7911674,144.9794716,378,Fitzroy North
Humble Rays,267,$$ - $$$,restaurant,4.5,"71 Bouverie St Carlton, Melbourne, Victoria 3053 Australia",-37.804746,144.9613987,88,Carlton
Smith and Daughters,9,$$ - $$$,restaurant,4.5,"175 Brunswick St, Fitzroy, Yarra, Victoria 3065 Australia",-37.8021978,144.9775698,388,Fitzroy
Hophaus Bar,251,$$ - $$$,restaurant,4,"Southgate Ave Shop MR5, Mid-Level, Southbank Promenade, Melbourne, Victoria 3006 Australia",-37.8202212,144.9657009,471,Southbank
Hunky Dory,240,$,restaurant,4.5,"670 Chapel Street Shop 17, Melbourne, Victoria 3205 Australia",-37.8373136,144.9962074,245,South Yarra
Waiters Restaurant - Italian Waiters Club,183,$$ - $$$,restaurant,4,"20 Meyers Pl, Melbourne, Victoria 3000 Australia",-37.8120825,144.9723485,282,Melbourne
Gopal's Vegetarian,242,$,restaurant,4.5,"139 Swanston St, Melbourne, Victoria 3000 Australia",-37.8144115,144.965787,170,Melbourne
Sushi Hub Swanston,196,$,restaurant,4.5,"55 Swanston St, Melbourne, Victoria 3000 Australia",-37.8162439,144.9666518,191,Melbourne
Spaghetti Tree,171,$$ - $$$,restaurant,4,"59 Bourke St, Melbourne, Victoria 3000 Australia",-37.8119715,144.9715104,786,Melbourne
Arbory Bar & Eatery,194,$$ - $$$,restaurant,4,"Flinders Walk, Melbourne, Victoria 3000 Australia",-37.8188668,144.9676883,827,Melbourne
La Spaghettata,163,$$ - $$$,restaurant,4,"238 Lygon St, Melbourne, Victoria 3053 Australia",-37.8016021,144.9671293,536,Carlton
Triim Food & Drink,259,$$ - $$$,restaurant,4,"33 Hardware Lane, Melbourne, Victoria 3000 Australia",-37.8138416,144.9612009,224,Melbourne
Gourmet Curry Hut,247,$$ - $$$,restaurant,4.5,"318 Hub Arcade Little Collins Street, Melbourne, Victoria 3000 Australia",-37.8150564,144.9638232,175,Melbourne
Little Billy,258,$$ - $$$,restaurant,4,"Shop W2 195 William St, Melbourne, Victoria 3000 Australia",-37.8146578,144.9574246,162,Melbourne
Thirty Eight Chairs,23,$$ - $$$,restaurant,4.5,"4A Bond St, Yarra, Victoria 3141 Australia",-37.841091,144.9947988,283,South Yarra
The Fitz Cafe & Rooftop,11,$$ - $$$,restaurant,4.5,"347 Brunswick St, Fitzroy, Yarra, Victoria 3065 Australia",-37.7968295,144.978491,257,Fitzroy
Restaurant 1903,245,$$ - $$$,restaurant,4.5,"44 Spencer St Very Close to Southern Cross Railway Station, Melbourne, Victoria 3000 Australia",-37.8197072,144.9546978,155,Melbourne
Universal Restaurant,257,$$ - $$$,restaurant,4,"141 Lygon Street Carlton, Melbourne, Victoria 3053 Australia",-37.8038454,144.9661208,363,Carlton
Pho Bo Ga Mekong,269,$,restaurant,4,"241 Swanston St, Melbourne, Victoria 3000 Australia",-37.8123638,144.964862,448,Melbourne
Gradi Crown,246,$$ - $$$,restaurant,4,"Crown Entertainment Complex 8 Whiteman St Shop 25, Melbourne, Victoria 3006 Australia",-37.8235301,144.9580953,1093,Southbank
Pinchy's,198,$$ - $$$,restaurant,4.5,"Level 1, 200 Bourke St Midcity Arcade, Melbourne, Victoria 3000 Australia",-37.812278,144.9672456,146,Melbourne
Agathe Patisserie,213,$,restaurant,4.5,"64/362 Coventry Street South Melbourne Market Stall, Melbourne, Victoria 3205 Australia",-37.8333676,144.9540906,73,South Melbourne
Claypots Barbarossa,237,$$ - $$$,restaurant,4.5,"79 Hardware Lane Melbourne CBD, Melbourne, Victoria 3000 Australia",-37.8129361,144.9608111,190,Melbourne
Seedling Cafe,238,$$ - $$$,restaurant,4.5,"349 Little Collins St, Melbourne, Victoria 3000 Australia",-37.8154635,144.963264,75,Melbourne
Vespa Rossa,244,$$ - $$$,restaurant,4.5,"30 Block Pl, Melbourne, Victoria 3000 Australia",-37.8152944,144.9644054,122,Melbourne
Ides,170,$$$$,restaurant,4.5,"92 Smith St, Melbourne, Victoria 3066 Australia",-37.8056159,144.9833963,129,Collingwood
Uncle Collins Street,291,$$ - $$$,restaurant,4.5,"15 Collins St Level 1, Melbourne, Victoria 3000 Australia",-37.8139436,144.9734554,81,Melbourne
Mr. Hive,289,$$ - $$$,restaurant,4,"Level 1, Crown Metropol 8 Whiteman Street, Melbourne, Victoria Australia",-37.8257525,144.9576725,456,Southbank
Sosta Ristorante,283,$$ - $$$,restaurant,4.5,"12 Errol Street, Melbourne, Victoria 3051 Australia",-37.8047727,144.9494952,183,North Melbourne
Gordon's Cafe & Bar,292,$$ - $$$,restaurant,4,"306 Little Collins St Shop 4, Melbourne, Victoria 3000 Australia",-37.814879,144.9644211,147,Melbourne
Isan Soul Thai Street Food,265,$$ - $$$,restaurant,4.5,"98 Bourke St, Melbourne, Victoria 3000 Australia",-37.8119253,144.9701525,89,Melbourne
Oriental Spoon,295,$$ - $$$,restaurant,4,"254 La Trobe St, Melbourne, Victoria 3000 Australia",-37.8100479,144.9617729,217,Melbourne
Oak & Vine,276,$$ - $$$,restaurant,4.5,"60 Market St, Melbourne, Victoria 3000 Australia",-37.8177409,144.9607709,108,Melbourne
The Bond Store,280,$$ - $$$,restaurant,4.5,"1 Riverside Qy, Melbourne, Victoria 3006 Australia",-37.8217604,144.9636789,154,Southbank
Transformer Fitzroy,12,$$ - $$$,restaurant,4.5,"99 Rose Street, Fitzroy, Yarra, Victoria 3065 Australia",-37.7958713,144.979376,285,Fitzroy
Windows Restaurant,272,$$ - $$$,restaurant,4,"65 Queens Rd, Melbourne, Victoria 3004 Australia",-37.8500935,144.978566,208,Melbourne
Code Black,3,$$ - $$$,restaurant,4.5,"15-17 Weston St, Brunswick, Moreland, Victoria 3056 Australia",-37.774643,144.962468,187,Brunswick
Grill'd Degraves St,263,$,restaurant,4,"15 Degraves St, Melbourne, Victoria 3000 Australia",-37.817761,144.9660313,219,Melbourne
Bistro Gitan,2,$$ - $$$,restaurant,4.5,"52 Toorak Rd West, South Yarra, Victoria 3141 Australia",-37.8372567,144.9791898,268,South Yarra
Topolino's,12,$$ - $$$,restaurant,4,"87 Fitzroy St, St Kilda, Port Phillip, Victoria 3182 Australia",-37.8604875,144.9766344,386,St Kilda
Kirks Wine Bar,243,$$ - $$$,restaurant,4,"Cnr Hardware Lane and Little Bourke, Melbourne, Victoria 3000 Australia",-37.8136852,144.9612606,217,Melbourne
Saporito Taquito,264,$$ - $$$,restaurant,4.5,"163 Inkerman St Unit 211, Melbourne, Victoria 3182 Australia",-37.8652617,144.9882446,96,St Kilda
Esca Grill,1,$$$$,restaurant,4.5,"650 Mt Alexander Rd, Moonee Ponds, Moonee Valley, Victoria 3039 Australia",-37.7701142,144.9262505,345,Moonee Ponds
ShanDong MaMa,271,$,restaurant,4,"200 Bourke St Mid City Centre, Shop 7, Melbourne, Victoria 3000 Australia",-37.8128004,144.9674292,220,Melbourne
Simply Spanish,222,$$ - $$$,restaurant,4,"116 Cecil St, Melbourne, Victoria 3205 Australia",-37.8320736,144.9559889,251,South Melbourne
Milk the Cow,161,$$ - $$$,restaurant,4.5,"323 Lygon St, Melbourne, Victoria 3053 Australia",-37.7977617,144.9671298,152,Carlton
Bluetrain,268,$$ - $$$,restaurant,3.5,"Southgate Complex, Upper Level, Melbourne, Victoria 3006 Australia",-37.8203389,144.9660726,667,Southbank
Peko Peko,223,$,restaurant,4.5,"190 Wells St, Melbourne, Victoria 3205 Australia",-37.8318959,144.9697248,208,South Melbourne
Republica,11,$$ - $$$,restaurant,4,"10-18 Jacka Boulevard St. Kilda Sea Baths, St Kilda, Port Phillip, Victoria 3182 Australia",-37.8652736,144.9717383,492,St Kilda
Tsindos-The Greeks Restaurant,88,$$ - $$$,restaurant,4,"197 Lonsdale St, Melbourne, Victoria 3000 Australia",-37.811264,144.9665725,718,Melbourne
Tulum Restaurant,281,$$ - $$$,restaurant,4,"217 Carlisle Street, Balaclava Near the Balaclava train station, Melbourne, Victoria 2575 Australia",-37.8690662,144.9939185,167,Balaclava
Melbourne Hwaro Korean Barbecue,285,$$ - $$$,restaurant,4,"Level Ground 562 Little Bourke St, Melbourne, Victoria 3000 Australia",-37.8150065,144.95572,141,Melbourne
Journeyman,3,$$ - $$$,restaurant,4.5,"169 Chapel St, Windsor, Stonnington, Victoria 3181 Australia",-37.8522281,144.9931599,203,Windsor
Square & Compass,290,$$ - $$$,restaurant,4.5,"222 Clarendon Street, Melbourne, Victoria Australia",-37.831345,144.9595415,113,South Melbourne
Amaru Melbourne Restaurant,1,$$$$,restaurant,4.5,"Shop 5 1121 High St, Armadale, Stonnington, Victoria 3143 Australia",-37.8558896,145.0246644,118,Armadale
Don Don Japanese,274,$,restaurant,4,"198 Little Lonsdale St, Melbourne, Victoria 3000 Australia",-37.8107238,144.9635346,241,Melbourne
Beer DeLuxe,277,$$ - $$$,restaurant,4,"Federation Square Corner Swanston and Flinders Streets, Melbourne, Victoria 3000 Australia",-37.8179789,144.9690576,304,Melbourne
Grill'd QV,309,$$ - $$$,restaurant,4,"Level 2, Queen Victoria Square, Melbourne, Victoria 3000 Australia",-37.8186366,144.9626638,235,Melbourne
Rumi Brunswick,1,$$ - $$$,restaurant,4.5,"116 Lygon St, Brunswick East, Moreland, Victoria 3057 Australia",-37.7747572,144.9713634,265,Brunswick East
Abbey Road Cafe,10,$$ - $$$,restaurant,4,"129-131 Acland St, St Kilda, Port Phillip, Victoria 3182 Australia",-37.8686333,144.9793638,805,St Kilda
Spicy Korea,296,$,restaurant,4.5,"U 1 601 Little Collins St, Melbourne, Victoria 3000 Australia",-37.817833,144.954844,72,Melbourne
The Meat & Wine Co Hawthorn East,3,$$ - $$$,restaurant,4,"482 Riversdale Rd, Hawthorn, Boroondara, Victoria 3123 Australia",-37.8315263,145.0564153,417,Hawthorn East
Nine Elephants,279,$$ - $$$,restaurant,4.5,"67 Village St Docklands, Melbourne, Victoria 3008 Australia",-37.8191771,144.9493398,145,Docklands
Little Black Pig & Sons,1,$$ - $$$,restaurant,4.5,"48 Burgundy St, Heidelberg, Banyule, Victoria 3084 Australia",-37.7562436,145.0686875,196,Heidelberg
GRK Greek Kitchen & Bar,1,$$ - $$$,restaurant,4.5,"845/847 High St, Thornbury, Darebin, Victoria 3071 Australia",-37.754997,145.000897,115,Thornbury
The Boatbuilders Yard,211,$$ - $$$,restaurant,4,"23 South Wharf Prom, Melbourne, Victoria 3006 Australia",-37.8241268,144.9529815,680,South Wharf
La Petite Creperie,294,$,restaurant,4.5,"125 Swanston St Opposite Melbourne Town Hall, Melbourne, Victoria Australia",-37.8147118,144.9659326,155,Melbourne
Lord Cardigan,278,$$ - $$$,restaurant,4.5,"59 Cardigan Pl, Melbourne, Victoria 3206 Australia",-37.841112,144.953165,114,Albert Park
400 Gradi,1,$$ - $$$,restaurant,4,"99 Lygon St, Brunswick West, Moreland, Victoria 3057 Australia",-37.7760072,144.9706798,773,Brunswick East
Belgian Beer Cafe,300,$$ - $$$,restaurant,4,"5 Riverside Qy Southbank, Melbourne, Victoria 3006 Australia",-37.8215252,144.9644112,256,Southbank
Indian Palace Restaurant,4,$$ - $$$,restaurant,4.5,"131 Church St, Brighton, Bayside, Victoria 3186 Australia",-37.9155079,144.9964578,153,Brighton
Anada,17,$$ - $$$,restaurant,4.5,"197 Gertrude St, Fitzroy, Yarra, Victoria 3065 Australia",-37.8058992,144.9811875,219,Fitzroy
Ish Restaurant,15,$$ - $$$,restaurant,5,"199 Gertrude St, Fitzroy, Yarra, Victoria 3065 Australia",-37.8058632,144.981242,62,Fitzroy
L'Hotel Gitan,2,$$ - $$$,restaurant,4,"32 Commercial Rd, Prahran, Stonnington, Victoria 3181 Australia",-37.8461214,144.9868829,256,Prahran
Hawker Hall,4,$$ - $$$,restaurant,4,"98 Chapel St, Windsor, Stonnington, Victoria 3181 Australia",-37.8545419,144.9930685,506,Windsor
Crossways Restaurant,297,$,restaurant,4.5,"309-325 Bourke St, Melbourne, Victoria 3000 Australia",-37.8148564,144.9646254,104,Melbourne
Le Petite Bourke,275,$$ - $$$,restaurant,4.5,"24 Little Bourke St, Melbourne, Victoria 3000 Australia",-37.8105773,144.9715163,130,Melbourne
Royal Stacks,256,$,restaurant,4,"470 Collins St, Melbourne, Victoria 3000 Australia",-37.8176172,144.9584134,169,Melbourne
Donnini's Restaurant,152,$$ - $$$,restaurant,4.5,"320 Lygon St Carlton, Melbourne, Victoria 3053 Australia",-37.7995334,144.9675481,297,Carlton
City Wine Shop,212,$$ - $$$,restaurant,4.5,"159 Spring St, Melbourne, Victoria 3000 Australia",-37.8109568,144.9724344,255,Melbourne
Rock Paper Scissors,260,$$ - $$$,restaurant,4.5,"136-138 Rouse St, Melbourne, Victoria 3207 Australia",-37.8421644,144.9399743,76,Port Melbourne
Ricardo's Trattoria,1,$$ - $$$,restaurant,4.5,"99 Dundas Pl, Albert Park, Port Phillip, Victoria 3206 Australia",-37.841266,144.9551965,176,Albert Park
Lune Croissanterie,221,$,restaurant,4.5,"161 Collins St Shop 16, Enter via Russell Street, Melbourne, Victoria 3000 Australia",-37.815369,144.9689556,156,Melbourne
Maccaroni Trattoria Italiana,286,$$ - $$$,restaurant,4,"10-16 Manchester Lane, Melbourne, Victoria 3000 Australia",-37.8160282,144.9659806,408,Melbourne
Mjolner,195,$$$$,restaurant,4.5,"106 Hardware St, Melbourne, Victoria 3000 Australia",-37.8122248,144.9606867,136,Melbourne
Ten Square Cafe,214,$$ - $$$,restaurant,5,"120 Hardware St, Melbourne, Victoria 3000 Australia",-37.8119947,144.9605646,64,Melbourne
Koko Black,312,$$ - $$$,restaurant,4.5,"167 Lygon St, Melbourne, Victoria 3053 Australia",-37.8018009,144.9665446,187,Carlton
University Cafe,319,$$ - $$$,restaurant,4,"257 Lygon St Carlton, Melbourne, Victoria 3053 Australia",-37.7994919,144.9669952,269,Carlton
Asado,301,$$$$,restaurant,4,"6 Riverside Quay, Melbourne, Victoria 3006 Australia",-37.8208141,144.9639348,211,Southbank
Le Petit Gateau,315,$$ - $$$,restaurant,4.5,"458 Little Collins St, Melbourne, Victoria 3000 Australia",-37.8162435,144.9596107,76,Melbourne
The Lady Of St Kilda,17,$$ - $$$,restaurant,4.5,"204 Barkly St Corner Smith Street, St Kilda, Port Phillip, Victoria 3182 Australia",-37.8698868,144.9808593,53,St Kilda
Paris Go Bistro,307,$$ - $$$,restaurant,4,"116 Rathdowne St, Melbourne, Victoria 3053 Australia",-37.7969421,144.970878,169,Carlton
ShanDong MaMa mini,302,$,restaurant,4.5,"5 Centre Pl, Melbourne, Victoria 3000 Australia",-37.8167124,144.9655554,63,Melbourne
Tokyo Tina,6,$$ - $$$,restaurant,4.5,"66A Chapel St, Windsor, Stonnington, Victoria 3181 Australia",-37.8554363,144.9928852,202,Windsor
Il Gambero,303,$$ - $$$,restaurant,4,"166 Lygon St Carlton, Melbourne, Victoria 3053 Australia",-37.8032879,144.9667144,322,Carlton
Viet Kitchen,1,$,restaurant,4.5,"110 Hopkins St, Footscray, Maribyrnong, Victoria 3011 Australia",-37.7997947,144.9016738,130,Footscray
Radio Mexico Taqueria & Bar,15,$$ - $$$,restaurant,4,"11-13 Carlisle St, St Kilda, Port Phillip, Victoria 3182 Australia",-37.8670443,144.979233,288,St Kilda
Mister Bianco,3,$$ - $$$,restaurant,4,"285 High St, Kew, Boroondara, Victoria 3101 Australia",-37.8050837,145.0351649,214,Kew
Kekou,7,$$ - $$$,restaurant,5,"396 Bridge Road, Richmond, Yarra, Victoria 3121 Australia",-37.8193325,145.0046839,64,Richmond
The Abyssinian,187,$$ - $$$,restaurant,4.5,"277 Racecourse Rd, Melbourne, Victoria 3031 Australia",-37.7886579,144.9318266,113,Kensington
Blue Chillies,16,$$ - $$$,restaurant,4.5,"182 Brunswick St, Fitzroy, Yarra, Victoria 3065 Australia",-37.8020795,144.9780303,145,Fitzroy
Caffe e Torta,232,$$ - $$$,restaurant,4,"314 Little Collins St, Melbourne, Victoria 3000 Australia",-37.8149057,144.964228,289,Melbourne
Gimlet At Cavendish House,208,$$$$,restaurant,4.5,"33 Russell St, Melbourne, Victoria 3000 Australia",-37.8150205,144.9689304,104,Melbourne
Pascale Bar & Grill,284,$$$$,restaurant,4.5,"133 Russell St Level 1, Melbourne, Victoria 3000 Australia",-37.8133398,144.9681516,161,Melbourne
Spice Temple,200,$$$$,restaurant,4,"Crown Entertainment Complex 8 Whiteman St Crown Complex, Southbank, Melbourne, Victoria 3006 Australia",-37.8238012,144.9598397,1311,Southbank
Ludlow Bar & Dining Room,322,$$ - $$$,restaurant,3.5,"6 Riverside Qy, Melbourne, Victoria 3006 Australia",-37.8208141,144.9639348,702,Southbank
Sunda,253,$$ - $$$,restaurant,4.5,"18 Punch lane, Melbourne, Victoria 3000 Australia",-37.8104499,144.9710999,111,Melbourne
The General Assembly,273,$$ - $$$,restaurant,4,"29 South Wharf Prom, Melbourne, Victoria 3006 Australia",-37.8242474,144.9519999,269,South Wharf
Shoya,310,$$$$,restaurant,4,"25 Market Lane, Melbourne, Victoria 3000 Australia",-37.811732,144.9691095,216,Melbourne
Pilgrim Bar,325,$$ - $$$,restaurant,4,"Vaults 15-19 Federation Wharf Federation Square, Melbourne, Victoria 3000 Australia",-37.8188223,144.969793,175,Melbourne
White Mojo Speciality Coffee & Roaster,318,$$ - $$$,restaurant,4,"115 Hardware St, Melbourne, Victoria 3000 Australia",-37.8121461,144.9605243,203,Melbourne
Dip In Cafe,314,$$ - $$$,restaurant,4.5,"20-22 McKillop St, Melbourne, Victoria 3000 Australia",-37.815111,144.9618289,100,Melbourne
Laurent Bakery,311,$$ - $$$,restaurant,4,"306 Little Collins St, Melbourne, Victoria 3000 Australia",-37.8147333,144.9644018,352,Melbourne
One Eleven,313,$$$$,restaurant,4,"111 Spring Street The Hotel Windsor, Melbourne, Victoria 3000 Australia",-37.812125,144.9729651,175,Melbourne
Mister and Miss Cafe,1,$$ - $$$,restaurant,4,"Mont Albert Victoria 711-713 Whitehorse Rd, Mont Albert, Whitehorse, Victoria 3127 Australia",-37.815616,145.105808,199,Mont Albert
Steer Dining Room,298,$$ - $$$,restaurant,4.5,"15 Claremont St, Melbourne, Victoria 3141 Australia",-37.8375986,144.9936642,76,South Yarra
Cafe Segovia,308,$$ - $$$,restaurant,4,"33 Block Place, Melbourne, Victoria 3000 Australia",-37.8152846,144.9643357,297,Melbourne
Hopscotch,288,$$ - $$$,restaurant,3.5,"Ground Floor, 4 Riverside Quay Southbank, Melbourne, Victoria 3006 Australia",-37.8208918,144.9633777,589,Southbank
Walkers Doughnuts,324,$,restaurant,4.5,"26/2 Elizabeth St, Melbourne, Victoria 3000 Australia",-37.817872,144.9651205,127,Melbourne
Saint Crispin,4,$$$$,restaurant,4,"300 Smith St, Collingwood, Yarra, Victoria 3066 Australia",-37.8002354,144.9842903,332,Collingwood
Nevsky Russian Restaurant,1,$$ - $$$,restaurant,4.5,"476 Glen Huntly Rd, Elsternwick, Glen Eira, Victoria 3185 Australia",-37.8853675,145.0077779,160,Elsternwick
Marios Cafe,19,$$ - $$$,restaurant,4,"303 Brunswick St, Fitzroy, Yarra, Victoria 3065 Australia",-37.7979472,144.9783158,225,Fitzroy
Tim Ho Wan,323,$$ - $$$,restaurant,4,"206 Bourke St, Melbourne, Victoria 3000 Australia",-37.8126527,144.9669486,361,Melbourne
Rosetta,224,$$$$,restaurant,4,"Crown Entertainment Complex 8 Whiteman St Crown Complex, Melbourne, Victoria 3006 Australia",-37.8235301,144.9580953,996,Southbank
Chez Olivier,1,$$ - $$$,restaurant,4.5,"268 Toorak Rd, South Yarra, Victoria 3141 Australia",-37.8397261,144.9962375,356,South Yarra
Le Bon Ton,3,$$ - $$$,restaurant,4,"51 Gipps St, Collingwood, Yarra, Victoria 3066 Australia",-37.8048183,144.9885608,306,Collingwood
Boosa,2,$$ - $$$,restaurant,4.5,"716 Centre Rd, Bentleigh, Glen Eira, Victoria 3165 Australia",-37.9212107,145.0579728,97,Bentleigh East
Da Noi,270,$$$$,restaurant,4,"95 Toorak Rd South Yarra, Melbourne, Victoria 3141 Australia",-37.8385804,144.9896578,274,South Yarra
Bibelot,293,$$ - $$$,restaurant,4.5,"285-287 Coventry St, Melbourne, Victoria 3205 Australia",-37.8326873,144.9582451,80,South Melbourne
White Rabbit,3,$$ - $$$,restaurant,4,"118 Church St, Brighton, Bayside, Victoria 3186 Australia",-37.9153913,144.9958342,246,Brighton
Oriental Tea House,255,$$ - $$$,restaurant,4,"378 Little Collins St, Melbourne, Victoria 3000 Australia",-37.8155739,144.9620832,221,Melbourne
Lindt Chocolate Cafe Southgate Melbourne,282,$$ - $$$,restaurant,4,"Shop G09, 3 Southgate Avenue Southgate Retail Precinct, Melbourne, Victoria 3006 Australia",-37.8203199,144.9661527,208,Southbank
Fonda Mexican,349,$$ - $$$,restaurant,4,"31 Flinders Lane, Melbourne, Victoria 3000 Australia",-37.8148147,144.9733165,312,Melbourne
Corner & Bench,346,$,restaurant,4.5,"408 Bourke St, Melbourne, Victoria 3000 Australia",-37.814514,144.961545,86,Melbourne
Fifteen Pounds Cafe,1,$$ - $$$,restaurant,4.5,"21 Railway Place, Fairfield, Yarra, Victoria 3078 Australia",-37.7795276,145.0171787,84,Fairfield
Saporito Cafe Bar & Grill,352,$$ - $$$,restaurant,4.5,"12-16 Kavanagh St, Melbourne, Victoria 3006 Australia",-37.8227778,144.9663889,71,Southbank
Pope Joan,354,$$ - $$$,restaurant,4,"45 Collins St, Melbourne, Victoria 3000 Australia",-37.8146251,144.9742631,170,Melbourne
The Hof Downtown,383,$$ - $$$,restaurant,4,"737 Bourke St Corner of Bourke and Village Street, Melbourne, Victoria 3008 Australia",-37.8194489,144.9491663,160,Docklands
Black Pearl Bar,338,$$ - $$$,restaurant,4.5,"304 Brunswick Street, Melbourne, Victoria Fitzroy Australia",-37.7980502,144.978649,68,Fitzroy
Hurricane Handsome,341,$$ - $$$,restaurant,4.5,"329-331 Bay St, Melbourne, Victoria 3207 Australia",-37.836072,144.9443617,89,Port Melbourne
Yeonga Korean BBQ,344,$$ - $$$,restaurant,4.5,"1-3 Cobden St, Melbourne, Victoria 3051 Australia",-37.8056217,144.9569746,76,North Melbourne
The Crux & Co,331,$$ - $$$,restaurant,4.5,"35 Albert Rd G01, Melbourne, Victoria 3004 Australia",-37.8346504,144.9719727,100,South Melbourne
Phancy Cafe,340,$$ - $$$,restaurant,4.5,"408 Queen St, Melbourne, Victoria 3000 Australia",-37.8090951,144.9582269,93,Melbourne
The Irish Times Pub,353,$$ - $$$,restaurant,4,"427 Little Collins St, Melbourne, Victoria 3000 Australia",-37.8162582,144.960506,270,Melbourne
Ecco,335,$$ - $$$,restaurant,4,"97 Toorak Rd, Melbourne, Victoria 3141 Australia",-37.8385648,144.9897571,157,South Yarra
George Street Cafe,332,$$ - $$$,restaurant,4.5,"65 George St, Melbourne, Victoria 3002 Australia",-37.8157035,144.9881413,66,East Melbourne
Collins Kitchen,357,$$$$,restaurant,4,"123 Collins St, Melbourne, Victoria 3000 Australia",-37.8152145,144.9700836,273,Melbourne
Lemnos Tavern,4,$$ - $$$,restaurant,4.5,"445 High St, Prahran, Stonnington, Victoria 3181 Australia",-37.8529833,145.0032647,113,Prahran
Moroccan Soup Bar,2,$,restaurant,4.5,"183 St Georges Rd, North Fitzroy, Yarra, Victoria 3068 Australia",-37.7848457,144.9822432,218,Fitzroy North
Station Hotel,3,$$ - $$$,restaurant,4,"59 Napier St, Footscray, Maribyrnong, Victoria 3011 Australia",-37.8045755,144.9015749,352,Footscray
"Borsch, Vodka & Tears",5,$$ - $$$,restaurant,4,"173 Chapel St, Windsor, Stonnington, Victoria 3181 Australia",-37.8521156,144.9930842,236,Windsor
Munich Brauhaus,304,$$ - $$$,restaurant,3.5,"45 South Wharf Promenade, Melbourne, Victoria Australia",-37.8241437,144.9500484,1034,South Wharf
Carosello,2,$$ - $$$,restaurant,4.5,"22 Margaret St, Moonee Ponds, Moonee Valley, Victoria 3039 Australia",-37.7658646,144.9197937,88,Moonee Ponds
Lamaro's Hotel,328,$$ - $$$,restaurant,4,"273 Cecil St, Melbourne, Victoria 3205 Australia",-37.8383852,144.9604371,194,South Melbourne
Postmaster Hotel,2,$$ - $$$,restaurant,4,"186 High St, Kew, Boroondara, Victoria 3101 Australia",-37.8067753,145.0314528,185,Kew
La Roche,13,$$ - $$$,restaurant,4.5,"185 Acland St, St Kilda, Port Phillip, Victoria 3182 Australia",-37.8695632,144.980341,325,St Kilda
Mr Huang Jin,227,$$ - $$$,restaurant,4.5,"24 Katherine Pl Plaza Level, Rialto Towers, Melbourne, Victoria 3000 Australia",-37.8197681,144.9564472,96,Melbourne
Andrew's Hamburgers,249,$,restaurant,4.5,"144 Bridport St, Melbourne, Victoria 3206 Australia",-37.8406353,144.9552576,169,Albert Park
Rococo,6,$$ - $$$,restaurant,4,"87-91 Acland St St.Kilda, St Kilda, Port Phillip, Victoria 3182 Australia",-37.867946,144.978887,973,St Kilda
Flora Indian Restaurant,385,$,restaurant,4,"238A Flinders St, Melbourne, Victoria 3000 Australia",-37.817516,144.966498,235,Melbourne
Kiwi Fish & Chips,382,$$ - $$$,restaurant,4.5,"412-422 Victoria Pde Shop 9B, Melbourne, Victoria 3002 Australia",-37.8096207,144.9852731,89,East Melbourne
Mesh - Crown Promenade,378,$$ - $$$,restaurant,4,"8 Whiteman Street, Southbank 8 Whiteman St, Southbank, Melbourne, Victoria 3006 Australia",-37.8239578,144.9594467,432,Southbank
Claypots Evening Star,372,$$ - $$$,restaurant,4.5,"Corner Cecil and York Streets South Melbourne Market, Melbourne, Victoria 3205 Australia",-37.8320111,144.9559391,137,South Melbourne
Radii Restaurant & Bar,384,$$$$,restaurant,4,"1 Parliament Pl, Melbourne, Victoria 3002 Australia",-37.811233,144.9764999,211,East Melbourne
Riverland,375,$$ - $$$,restaurant,4,"Vaults 1-9 Federation Wharf Federation Square, Melbourne, Victoria 3000 Australia",-37.8188223,144.969793,317,Melbourne
Saxe,379,$$ - $$$,restaurant,4.5,"211 Queen St, Melbourne, Victoria 3000 Australia",-37.8138276,144.9599037,52,Melbourne
Little Africa,362,$$ - $$$,restaurant,4.5,"358 Victoria St, Melbourne, Victoria 3051 Australia",-37.805493,144.954298,58,North Melbourne
Plus 5,359,$$ - $$$,restaurant,4,"37 South Wharf Promenade, Melbourne, Victoria 3008 Australia",-37.8241938,144.9511895,233,South Wharf
A25 Pizzeria CBD,363,$$ - $$$,restaurant,4.5,"Taylors College 399 Lonsdale St, Melbourne, Victoria 3000 Australia",-37.8129395,144.9606336,77,Melbourne
Hooks At The Yarra,390,$$ - $$$,restaurant,4.5,"Yarra's Edge 50 River Esp Docklands, Melbourne, Victoria 3008 Australia",-37.8245546,144.9476398,130,Docklands
Dish & Spoon,2,$$ - $$$,restaurant,4.5,"122 Highfield Rd, Camberwell, Victoria 3124 Australia",-37.8378891,145.0844389,72,Camberwell
Khao San Road,5,$$ - $$$,restaurant,4.5,"696 Mt Alexander Rd, Moonee Ponds, Moonee Valley, Victoria 3039 Australia",-37.768646,144.9256996,114,Moonee Ponds
Garden State Hotel,345,$$ - $$$,restaurant,4,"101 Flinders Lane, Melbourne, Victoria 3000 Australia",-37.8153887,144.9711596,299,Melbourne
QT Kitchen,1,$$ - $$$,restaurant,4.5,"12 High St, Glen Iris, Stonnington, Victoria 3146 Australia",-37.8618759,145.0648701,71,Glen Iris
Kri Kri,333,$$ - $$$,restaurant,4,"39-41 Little Bourke St, Melbourne, Victoria 3000 Australia",-37.810815,144.971497,370,Melbourne
Naked in the Sky,20,$$ - $$$,restaurant,4.5,"285 Brunswick St, Fitzroy, Yarra, Victoria 3065 Australia",-37.7987495,144.977983,130,Fitzroy
Bahari the Hellenic Palate,9,$$ - $$$,restaurant,4.5,"179 Swan St, Richmond, Yarra, Victoria 3121 Australia",-37.8255411,144.997569,147,Richmond
Saint & Rogue,330,$$ - $$$,restaurant,4,"582 Little Collins St, Melbourne, Victoria 3000 Australia",-37.8174212,144.9553607,127,Melbourne
Little Vietnam 504,1,$$ - $$$,restaurant,4.5,"504 Hampton St, Hampton, Bayside, Victoria 3188 Australia",-37.9348987,145.0032462,145,Hampton
Mr. Miyagi,2,$$ - $$$,restaurant,4,"99 Chapel St, Windsor, Stonnington, Victoria 3181 Australia",-37.854239,144.992821,401,Windsor
The Crafty Squire,299,$$ - $$$,restaurant,4,"127 Russell St, Melbourne, Victoria 3000 Australia",-37.8137225,144.9682952,363,Melbourne
Abla's,316,$$ - $$$,restaurant,4,"109 Elgin St, Melbourne, Victoria 3053 Australia",-37.7977139,144.9710972,204,Carlton
Spring Street Grocer Cafe,305,$$ - $$$,restaurant,4.5,"157 Spring St, Melbourne, Victoria 3000 Australia",-37.8110352,144.9724451,96,Melbourne
Franco-Belge,377,$$ - $$$,restaurant,4.5,"9 Evans Place, Hawthorn East, Melbourne, Victoria 3123 Australia",-37.8300862,145.0557944,74,Hawthorn East
Left Bank Melbourne,368,$$ - $$$,restaurant,3.5,"1 Southbank Boulevard, Melbourne, Victoria 3006 Australia",-37.8217068,144.9621854,841,Southbank
French Saloon,370,$$$$,restaurant,4.5,"46 Hardware Lane First Floor, Melbourne, Victoria 3000 Australia",-37.8136215,144.9612837,92,Melbourne
The Moat,365,$$ - $$$,restaurant,4,"176 Little Lonsdale St, Melbourne, Victoria 3000 Australia",-37.8101615,144.9653769,123,Melbourne
The League of Honest Coffee,386,$$ - $$$,restaurant,4.5,"8 Exploration Lane, Melbourne, Victoria 3000 Australia",-37.8086754,144.9686316,94,Melbourne
The Louden Kitchen & Grill,387,$$ - $$$,restaurant,4,"265 Little Bourke St, Melbourne, Victoria 3000 Australia",-37.81282,144.9647544,157,Melbourne
Hot Poppy,364,$$ - $$$,restaurant,4.5,"9 Errol St, Melbourne, Victoria 3051 Australia",-37.8047964,144.9491014,74,North Melbourne
The Essence,369,$$ - $$$,restaurant,4,"Corner Exhibition & Lonsdale Streets Melbourne Marriott Hotel, Melbourne, Victoria 3000 Australia",-37.809947,144.9694324,240,Melbourne
Bratwurst Shop & Co,388,$,restaurant,4.5,"Therry St. Queen Victoria Market Shop 99-100, Melbourne, Victoria 3000 Australia",-37.8074336,144.9577918,73,Melbourne
Rocket Burger & Fries,321,$,restaurant,4.5,"Cnr Flinders & Elizabeth Streets 26 Elizabeth St, Melbourne, Victoria 3000 Australia",-37.81739,144.964902,131,Melbourne
Chiba Japanese Restaurant,4,$$ - $$$,restaurant,4.5,"41 Hall St, Moonee Ponds, Moonee Valley, Victoria 3039 Australia",-37.7662302,144.9217422,185,Moonee Ponds
Dock 37 Bar and Kitchen,337,$$ - $$$,restaurant,4,"2 Convention Centre Pl South Wharf, Melbourne, Victoria 3006 Australia",-37.8247906,144.9511172,177,South Wharf
Salona Restaurant,351,$$ - $$$,restaurant,4.5,"260A Swan Street, Richmond, Melbourne, Victoria 3121 Australia",-37.8259347,144.9990046,126,Richmond
Shakahari too,355,$$ - $$$,restaurant,4.5,"225 Clarendon St, Melbourne, Victoria 3205 Australia",-37.8311978,144.9600442,89,South Melbourne
Aix Cafe,358,$,restaurant,4.5,"24 Centre Pl, Melbourne, Victoria 3000 Australia",-37.8164476,144.9655061,85,Melbourne
Cochin Wine Bar & Restaurant,10,$$ - $$$,restaurant,4.5,"256 Swan St, Richmond, Yarra, Victoria 3121 Australia",-37.8259308,144.9988142,118,Richmond
Cafe Issus,339,$$ - $$$,restaurant,4,"8-10 Centre Pl, Melbourne, Victoria 3000 Australia",-37.8167121,144.9656432,264,Melbourne
The Tippler & Co,336,$$ - $$$,restaurant,4.5,"58 Wellington Pde, Melbourne, Victoria 3002 Australia",-37.8165595,144.9882328,121,East Melbourne
Philhellene,3,$$ - $$$,restaurant,4,"551-553 Mount Alexander Rd, Moonee Ponds, Moonee Valley, Victoria 3039 Australia",-37.7693864,144.9254166,187,Moonee Ponds
Pretty Boy Italian Steakhouse,348,$$ - $$$,restaurant,4.5,"399 Little Lonsdale Street Level 1, Melbourne, Victoria 3000 Australia",-37.8119675,144.9600506,73,Melbourne
Elephant and Wheelbarrow,327,$$ - $$$,restaurant,3.5,"94-96 Bourke St, Melbourne, Victoria 3000 Australia",-37.8119053,144.9702831,582,Melbourne
Plain Sailing,1,$$ - $$$,restaurant,4.5,"144 Ormond Rd, Elwood, Port Phillip, Victoria 3184 Australia",-37.8864283,144.9888753,85,Elwood
Little Tommy Tucker Cafe,4,$$ - $$$,restaurant,4.5,"432 Centre Rd, Bentleigh, Glen Eira, Victoria 3204 Australia",-37.9185909,145.0380118,153,Bentleigh
Lentil As Anything St Kilda,14,$,restaurant,4.5,"41 Blessington St, St Kilda, Port Phillip, Victoria 3182 Australia",-37.870424,144.981019,219,St Kilda
Yassas - The Greek Way,392,$$ - $$$,restaurant,4,"4-9/3 Southgate Ave Southgate Plaza, Melbourne, Victoria 3006 Australia",-37.8201046,144.9662172,399,Southbank
Locanda Restaurant & Public Bar,317,$$ - $$$,restaurant,4,"186 Exhibition St, Melbourne, Victoria 3000 Australia",-37.8112832,144.9707745,369,Melbourne
Pud Thai vs Pho,347,$,restaurant,4.5,"60 Siddeley St, Melbourne, Victoria 3008 Australia",-37.822633,144.9525221,103,Docklands
Sake Restaurant & Bar,389,$$ - $$$,restaurant,4,"121 Flinders Lane, Melbourne, Victoria 3000 Australia",-37.8156645,144.9704982,181,Melbourne
Swaad India's Zest,3,$$ - $$$,restaurant,4.5,"Shop 9 271-275 Centre Rd, Bentleigh, Glen Eira, Victoria 3204 Australia",-37.91759,145.032872,81,Bentleigh
Cafe Keyif,343,$$ - $$$,restaurant,4.5,"U 1 550 Flinders St Entry Through Downie Street, Melbourne, Victoria 3000 Australia",-37.8203662,144.9559713,138,Melbourne
Half Moon Cafe,1,$,restaurant,5,"13 Victoria St Shop 13, Coburg, Moreland, Victoria 3058 Australia",-37.7432229,144.9657655,65,Coburg
Brighton Soul,5,$,restaurant,4.5,"129 Church Street, Brighton, Bayside, Victoria 3186 Australia",-37.9154701,144.9964167,131,Brighton
Bistro La Provence,6,$$ - $$$,restaurant,4.5,"234 Esplanade, Brighton, Bayside, Victoria 3186 Australia",-37.909576,144.986605,146,Brighton
Avatar Indian Cuisine,1,$$ - $$$,restaurant,4.5,"291 Whitehorse Rd Opposite Balwyn Park, Balwyn, Boroondara, Victoria 3103 Australia",-37.8124209,145.0788466,88,Balwyn
Paper Plate Restaurant,12,$$ - $$$,restaurant,4.5,"318 Bridge Rd, Richmond, Yarra, Victoria 3121 Australia",-37.8190496,145.0018873,65,Richmond
Jim's Greek Tavern,5,$$ - $$$,restaurant,4,"32 Johnston St, Collingwood, Yarra, Victoria 3066 Australia",-37.7988778,144.9857833,457,Collingwood
Archie's All Day,18,$$ - $$$,restaurant,4.5,"189 Gertrude St, Fitzroy, Yarra, Victoria 3065 Australia",-37.8058349,144.9809637,162,Fitzroy
Sapa Hills Restaurant,2,$$ - $$$,restaurant,4.5,"112 Hopkins St, Footscray, Maribyrnong, Victoria 3011 Australia",-37.7997875,144.9016249,196,Footscray
Ginza Teppanyaki,380,$$ - $$$,restaurant,4,"139 Little Bourke St, Melbourne, Victoria 3000 Australia",-37.8117462,144.9684227,229,Melbourne
American Doughnut Kitchen,374,$,restaurant,4.5,"Queen St, Melbourne, Victoria 3000 Australia",-37.8127603,144.9597505,100,Melbourne
Sir Charles,14,$$ - $$$,restaurant,4.5,"121 Johnston St, Fitzroy, Yarra, Victoria 3065 Australia",-37.7980866,144.9789318,133,Fitzroy
Eliana Lulu,287,$$ - $$$,restaurant,4,"7-9 Centre Pl, Melbourne, Victoria 3000 Australia",-37.8165973,144.9655393,166,Melbourne
Mediterraneo Charcoal Restaurant,3,$$ - $$$,restaurant,4.5,"116 Bridport St, Albert Park, Port Phillip, Victoria 3206 Australia",-37.840346,144.956354,171,Albert Park
Dumplings Plus,381,$,restaurant,4,"269 Swanston St, Melbourne, Victoria 3000 Australia",-37.8119386,144.9646576,264,Melbourne
Curry Vault Indian Restaurant and Bar,334,$$ - $$$,restaurant,4,"18-20 Bank Pl, Melbourne, Victoria 3000 Australia",-37.8164609,144.960423,300,Melbourne
The Point Restaurant,4,$$$$,restaurant,4.5,"Aquatic Drive Albert Park Lake, Albert Park, Port Phillip, Victoria 3206 Australia",-37.8402927,144.9665827,242,Albert Park
Massi,320,$$ - $$$,restaurant,4.5,"445 Little Collins St, Melbourne, Victoria 3000 Australia",-37.8164214,144.9598979,83,Melbourne
Shark Fin Inn,406,$$ - $$$,restaurant,3.5,"50 Little Bourke St, Melbourne, Victoria 3000 Australia",-37.8106944,144.9709994,586,Melbourne
The Crane Restaurant,416,$$ - $$$,restaurant,4,"212 Little Bourke St, Melbourne, Victoria 3000 Australia",-37.8120431,144.9662818,194,Melbourne
Daughter in Law,404,$$ - $$$,restaurant,4,"37 Little Bourke St Ground Floor, Melbourne, Victoria 3000 Australia",-37.8108022,144.971503,113,Melbourne
Little Cupcakes,398,$,restaurant,4.5,"Shop 6/181 William St, Goldsborough Lane, Melbourne, Victoria 3000 Australia",-37.8151891,144.9575872,127,Melbourne
Hawker Boys,399,$,restaurant,4.5,"85 Hardware Lane, Melbourne, Victoria 3000 Australia",-37.8129421,144.9608214,70,Melbourne
Carlton Curry House,400,$$ - $$$,restaurant,4.5,"108 Lygon St, Melbourne, Victoria 3053 Australia",-37.8045283,144.9665899,204,Carlton
Anchovy,11,$$ - $$$,restaurant,4.5,"338 Bridge Rd, Richmond, Yarra, Victoria 3121 Australia",-37.819114,145.0026469,93,Richmond
Sons of Mary,2,$$ - $$$,restaurant,4.5,"14 Spink St, Brighton, Bayside, Victoria 3186 Australia",-37.8979181,145.0043784,233,Brighton
Atrium Bar On 35,421,$$$$,restaurant,4.5,"25 Collins St, Melbourne, Victoria 3000 Australia",-37.8139461,144.9734456,83,Melbourne
Sakura Kaiten,361,$$ - $$$,restaurant,4.5,"60 Little Collins St, Melbourne, Victoria 3000 Australia",-37.8125766,144.9722299,132,Melbourne
The Hardware Club,218,$$ - $$$,restaurant,5,"43 Hardware Lane, Melbourne, Victoria 3000 Australia",-37.8135355,144.961148,57,Melbourne
Cornish Arms Hotel,4,$$ - $$$,restaurant,4,"163A Sydney Rd, Brunswick, Moreland, Victoria 3056 Australia",-37.773417,144.96087,184,Brunswick
D.O.C,356,$$ - $$$,restaurant,4,"326 Lygon St Carlton, Melbourne, Victoria 3053 Australia",-37.799338,144.967471,262,Carlton
Cafe Cavallino,410,$$ - $$$,restaurant,4,"181-183 Lygon Street, Melbourne, Victoria Australia",-37.8014047,144.9666468,260,Carlton
Jungle Juice Bar,393,$,restaurant,4.5,"20 Centre Pl, Melbourne, Victoria 3000 Australia",-37.816712,144.965643,78,Melbourne
Three Bags Full Cafe,2,$$ - $$$,restaurant,4.5,"Corner of Nicholson St and Mollison St,, Abbotsford, Yarra, Victoria 3067 Australia",-37.8072201,144.996426,230,Abbotsford
Chinta Ria Soul,18,$$ - $$$,restaurant,4,"94 Acland St, St Kilda, Port Phillip, Victoria 3182 Australia",-37.8677208,144.9792653,247,St Kilda
Atta Restaurant,2,$$ - $$$,restaurant,4.5,"159-161 Victoria Ave Melbourne, Albert Park, Port Phillip, Victoria 3206 Australia",-37.8467327,144.9495491,102,Albert Park
Park Street Pasta & Wine,443,$$ - $$$,restaurant,4.5,"268 Park St South Melbourne, Melbourne, Victoria 3205 Australia",-37.8354504,144.9600758,91,South Melbourne
The Pancake Parlour,411,$$ - $$$,restaurant,4,"Centrepoint Arcade, Bourke Street Mall Centrepoint Arcade, Bourke Street Mall, Down the Escalators, Between Sportsgirl and Jetty Surf, Melbourne, Victoria 3000 Australia",-37.8137685,144.9644379,323,Melbourne
Bella Cosi,446,$$ - $$$,restaurant,4.5,"71 Beach St, Melbourne, Victoria 3207 Australia",-37.841809,144.9361572,71,Port Melbourne
At Ease - Easy Thai,437,$,restaurant,4.5,"195 Lonsdale St, Melbourne, Victoria 3000 Australia",-37.8112475,144.966626,75,Melbourne
Lolo and Wren,436,$$ - $$$,restaurant,4.5,"484 Albion St West Brunswick, Melbourne, Victoria Australia",-37.7581897,144.939775,84,Brunswick West
Thai city,438,$$ - $$$,restaurant,4.5,"124 Lygon Street Carlton, Melbourne, Victoria 3000 Australia",-37.804155,144.96665,72,Carlton
Tokui Sushi,429,$,restaurant,5,"260 Lonsdale St, Melbourne, Victoria 3000 Australia",-37.8114983,144.9643991,50,Melbourne
