Name,Type,SubType,Suburb,Rating,PriceLevel,RankingPosition,Address,Latitude,Longitude,NumberOfReviews
Bluetrain,Restaurant,,Southbank,3.5,$$ - $$$,268,"Southgate Complex, Upper Level, Melbourne, Victoria 3006 Australia",-37.8203389,144.9660726,667
Ludlow Bar & Dining Room,Restaurant,,Southbank,3.5,$$ - $$$,322,"6 Riverside Qy, Melbourne, Victoria 3006 Australia",-37.8208141,144.9639348,702
Hopscotch,Restaurant,,Southbank,3.5,$$ - $$$,288,"Ground Floor, 4 Riverside Quay Southbank, Melbourne, Victoria 3006 Australia",-37.8208918,144.9633777,589
Munich Brauhaus,Restaurant,,South Wharf,3.5,$$ - $$$,304,"45 South Wharf Promenade, Melbourne, Victoria Australia",-37.8241437,144.9500484,1034
Left Bank Melbourne,Restaurant,,Southbank,3.5,$$ - $$$,368,"1 Southbank Boulevard, Melbourne, Victoria 3006 Australia",-37.8217068,144.9621854,841
Elephant and Wheelbarrow,Restaurant,,Melbourne,3.5,$$ - $$$,327,"94-96 Bourke St, Melbourne, Victoria 3000 Australia",-37.8119053,144.9702831,582
Shark Fin Inn,Restaurant,,Melbourne,3.5,$$ - $$$,406,"50 Little Bourke St, Melbourne, Victoria 3000 Australia",-37.8106944,144.9709994,586
Om Nom,Restaurant,,Melbourne,4,$$$$,83,"187 Flinders Lane Adelphi Hotel, Melbourne, Victoria 3000 Australia",-37.816265,144.9683427,545
Max Bar Restaurant,Restaurant,,Melbourne,4,$$ - $$$,63,"54 - 58 Hardware Lane, Melbourne, Victoria 3000 Australia",-37.8133408,144.9611612,1405
The Meat & Wine Co Southbank,Restaurant,,Southbank,4,$$ - $$$,112,"3 Freshwater Pl 3 Queensbridge Street, Melbourne, Victoria 3006 Australia",-37.8215031,144.961902,1478
The Quarter,Restaurant,,Melbourne,4,$$ - $$$,94,"27 Degraves St, Melbourne, Victoria 3000 Australia",-37.8170427,144.9654783,745
Cookie,Restaurant,,Melbourne,4,$$ - $$$,95,"U 1 252 Swanston St Level 1, 252 Swanston St, Melbourne, Victoria 3000 Australia",-37.8120083,144.9651728,1050
P.J.O'Brien's Irish Pub,Restaurant,,Southbank,4,$$ - $$$,92,"Southgate Southgate Restaurant & Shopping Precinct, Melbourne, Victoria 3006 Australia",-37.8203389,144.9660726,544
The  European,Restaurant,,Melbourne,4,$$ - $$$,97,"161 Spring St, Melbourne, Victoria 3000 Australia",-37.8108981,144.9725911,951
Berth,Restaurant,,Docklands,4,$$ - $$$,109,"45 New Quay Promenade Docklands, Melbourne, Victoria 3008 Australia",-37.8151482,144.9418505,568
Mamasita,Restaurant,,Melbourne,4,$$ - $$$,135,"11 Collins St, Melbourne, Victoria 3000 Australia",-37.8137892,144.9734671,1307
The Meatball and Wine Bar,Restaurant,,Melbourne,4,$$ - $$$,132,"135 Flinders Lane, Melbourne, Victoria 3000 Australia",-37.8157447,144.970197,699
BangPop,Restaurant,,South Wharf,4,$$ - $$$,119,"35 South Wharf Promenade Off Dukes Walk, South Wharf, Melbourne, Victoria 3006 Australia",-37.824201,144.95135,559
Caffe e Cucina,Restaurant,,South Yarra,4,$$ - $$$,147,"581 Chapel St South Yarra, Melbourne, Victoria 3141 Australia",-37.8401884,144.9952627,490
Melba Restaurant,Restaurant,,Southbank,4,$$$$,125,"1 Southgate Ave The Langham, Southbank, Melbourne, Victoria 3006 Australia",-37.8205751,144.9656601,1306
Waterfront,Restaurant,,Southbank,4,$$$$,99,"Southgate Avenue Shop 20/3, Melbourne, Victoria 3006 Australia",-37.8204031,144.9662873,1525
Bottega,Restaurant,,Melbourne,4,$$$$,96,"74 Bourke St, Melbourne, Victoria 3000 Australia",-37.8117213,144.9710448,405
Shanghai Street,Restaurant,,Melbourne,4,$,121,"342 Little Bourke St, Melbourne, Victoria 3000 Australia",-37.8132158,144.9623952,595
Mamak,Restaurant,,Melbourne,4,$,116,"366 Lonsdale St, Melbourne, Victoria 3000 Australia",-37.8122826,144.9615784,514
No35,Restaurant,,Melbourne,4,$$$$,104,"35/25 Collins St Level 35, Melbourne, Victoria 3000 Australia",-37.8139461,144.9734456,929
La Camera Restaurant Southgate,Restaurant,,Southbank,4,$$ - $$$,145,"Shop MR2, Mid-level, Southgate Southbank, Melbourne, Victoria 3006 Australia",-37.8203389,144.9660726,1148
Red Emperor Chinese Restaurant,Restaurant,,Southbank,4,$$ - $$$,165,"3 Southgate Ave M10/ Mid Level, Melbourne, Victoria 3006 Australia",-37.82009,144.9663893,534
Grossi  Florentino,Restaurant,,Melbourne,4,$$$$,133,"80 Bourke St, Melbourne, Victoria 3000 Australia",-37.8117334,144.9708074,1262
Magic Mountain Saloon,Restaurant,,Melbourne,4,$$ - $$$,148,"62 Little Collins St, Melbourne, Victoria 3000 Australia",-37.81281,144.971442,289
The Bank on Collins,Restaurant,,Melbourne,4,$$ - $$$,98,"394 Collins St, Melbourne, Victoria 3000 Australia",-37.8167434,144.9612062,393
Ponyfish Island,Restaurant,,Melbourne,4,$$ - $$$,115,"Underneath Evan Walker Pedestrian Bridge Southbank, Melbourne, Victoria 3006 Australia",-37.8199057,144.9650109,479
Tiamo,Restaurant,,Carlton,4,$$ - $$$,144,"303 Lygon St Carlton, Melbourne, Victoria 3053 Australia",-37.7981962,144.9670955,726
Conservatory,Restaurant,,Southbank,4,$$$$,108,"Crown Entertainment Complex 8 Whiteman St 8 Whiteman St, Southbank, Melbourne, Victoria 3006 Australia",-37.8235301,144.9580953,1129
Trunk,Restaurant,,Melbourne,4,$$ - $$$,129,"275 Exhibition St, Melbourne, Victoria 3000 Australia",-37.8093611,144.9689708,769
Higher Ground,Restaurant,,Melbourne,4,$$ - $$$,134,"650 Little Bourke St, Melbourne, Victoria 3000 Australia",-37.8157491,144.9530438,713
Pellegrini's Espresso Bar,Restaurant,,Melbourne,4,$,127,"66 Bourke St, Melbourne, Victoria 3000 Australia",-37.8116808,144.9711915,1067
Ca de Vin,Restaurant,,Melbourne,4,$$ - $$$,136,"350 Bourke St Melbourne GPO, Melbourne, Victoria 3000 Australia",-37.8135391,144.9632758,523
Terra Rossa Restaurant & Bar,Restaurant,,Melbourne,4,$$ - $$$,137,"87 Flinders Lane, Melbourne, Victoria 3000 Australia",-37.8152624,144.9713399,458
Sake Restaurant & Bar (Southbank),Restaurant,,Southbank,4,$$ - $$$,180,"100 St Kilda Rd Hamer Hall, Arts Centre, Melbourne, Victoria 3004 Australia",-37.8201455,144.9679946,725
France Soir,Restaurant,,South Yarra,4,$$$$,154,"11 Toorak Rd South Yarra, Melbourne, Victoria 3141 Australia",-37.8381816,144.9869535,654
Blondie Bar,Restaurant,,Southbank,4,$$ - $$$,155,"Corner Sturt Street & Southbank Boulevard, Southbank Melbourne Recital Centre, Melbourne, Victoria 3006 Australia",-37.8238758,144.9676033,258
Madame Brussels,Restaurant,,Melbourne,4,$$ - $$$,114,"59-63 Bourke St Level 3, Above Spaghetti Tree Restaurant!, Melbourne, Victoria 3000 Australia",-37.8119715,144.9715104,461
Pure South Dining,Restaurant,,Southbank,4,$$$$,177,"3 Southgate Ave Southbank, Melbourne, Victoria 3006 Australia",-37.820556,144.965833,927
Nobu Melbourne,Restaurant,,Southbank,4,$$$$,178,"Crown Entertainment Complex 8 Whiteman St, Melbourne, Victoria 3006 Australia",-37.8235301,144.9580953,1462
Stalactites,Restaurant,,Melbourne,4,$$ - $$$,149,"177-183 Lonsdale St, Melbourne, Victoria 3000 Australia",-37.8111764,144.9670673,1473
St Ali Coffee Roasters,Restaurant,,South Melbourne,4,$$ - $$$,111,"12-18 Yarra Pl, Melbourne, Victoria 3205 Australia",-37.8312737,144.9603327,632
Hofbrauhaus,Restaurant,,Melbourne,4,$$ - $$$,126,"18-26 Market Lane In the heart of Chinatown, Melbourne, Victoria 3000 Australia",-37.811775,144.9693901,475
Box Seafood Restaurant,Restaurant,,Melbourne,4,$$$$,168,"189 Collins St, Melbourne, Victoria 3000 Australia",-37.8153416,144.9677447,416
Brunetti Oro Flinders Lane,Restaurant,,Melbourne,4,$$ - $$$,176,"250 Flinders Ln, Melbourne, Victoria 3000 Australia",-37.8164259,144.9657009,332
The Kettle Black,Restaurant,,South Melbourne,4,$$ - $$$,140,"50 Albert Rd, Melbourne, Victoria 3205 Australia",-37.8339749,144.9710507,450
The Vegie Bar,Restaurant,,Fitzroy,4,$$ - $$$,6,"380 Brunswick St, Fitzroy, Yarra, Victoria 3065 Australia",-37.7958383,144.9791427,936
Byblos Bar & Restaurant,Restaurant,,Docklands,4,$$ - $$$,191,"12 World Trade Centre, Melbourne, Victoria 3005 Australia",-37.8229849,144.9543437,314
Young and Jacksons,Restaurant,,Melbourne,4,$$ - $$$,167,"Cnr Swanston & Flinders Sts, Melbourne, Victoria 3000 Australia",-37.8175406,144.9674005,366
Sister of Soul,Restaurant,,St Kilda,4,$$ - $$$,9,"73 Acland St, St Kilda, Port Phillip, Victoria 3182 Australia",-37.867712,144.978752,402
Bistro Guillaume,Restaurant,,Southbank,4,$$$$,160,"Crown Entertainment Complex 8 Whiteman St Riverside at Crown, Southbank, Melbourne, Victoria 3006 Australia",-37.8238012,144.9598397,1115
Mezzo,Restaurant,,Melbourne,4,$$ - $$$,225,"35 Little Bourke St, Melbourne, Victoria 3000 Australia",-37.810701,144.971677,324
Self Preservation,Restaurant,,Melbourne,4,$$ - $$$,230,"70 Bourke St, Melbourne, Victoria 3000 Australia",-37.8117064,144.9711052,207
Koko Japanese Restaurant,Restaurant,,Southbank,4,$$$$,241,"Crown Entertainment Complex 8 Whiteman St 8 Whiteman St, Southbank, Melbourne, Victoria 3006 Australia",-37.8235301,144.9580953,323
Cafe Excello,Restaurant,,Melbourne,4,$$ - $$$,193,"99 Spring St, Melbourne, Victoria 3000 Australia",-37.8125245,144.9733336,220
The Breslin Bar & Grill,Restaurant,,Southbank,4,$$ - $$$,179,"2 Southbank Bvd, Melbourne, Victoria 3006 Australia",-37.822022,144.9621558,650
Tazio,Restaurant,,Melbourne,4,$$ - $$$,201,"91 Flinders Lane, Melbourne, Victoria 3000 Australia",-37.815405,144.9712067,291
Rice Paper,Restaurant,,Melbourne,4,$,192,"245 Swanston St, Melbourne, Victoria 3000 Australia",-37.8122584,144.9648361,287
Papa Gino's Pizza Restaurant,Restaurant,,Carlton,4,$$ - $$$,209,"Lygon Street Carlton, Melbourne, Victoria 3053 Australia",-37.8000755,144.9670959,465
The Jazz Corner Cafe,Restaurant,,Melbourne,4,$$ - $$$,203,"350 William St located within The Jazz Corner Hotel - lobby cafe and mezzanine restaurant, Melbourne, Victoria 3000 Australia",-37.8154899,144.9717649,305
Hutong Dumpling Bar,Restaurant,,Melbourne,4,$$ - $$$,153,"14-16 Market Lane, Melbourne, Victoria 3000 Australia",-37.811884,144.9694785,766
Merchant,Restaurant,,Melbourne,4,$$ - $$$,182,"495 Collins St, Melbourne, Victoria 3000 Australia",-37.8183605,144.9580642,331
Mitre Tavern Steakhouse & Grill,Restaurant,,Melbourne,4,$$ - $$$,151,"5 Bank Pl Level 1, Melbourne, Victoria 3000 Australia",-37.8167925,144.9603327,424
Chez Dre Cafe,Restaurant,,South Melbourne,4,$$ - $$$,229,"Rear of 285/287 Coventry St Access Via Alleyway, Melbourne, Victoria 3205 Australia",-37.8326392,144.9582379,386
Little Ramen Bar,Restaurant,,Melbourne,4,$,236,"369 Little Collins St, Melbourne, Victoria 3000 Australia",-37.8158514,144.9626074,173
Red Pepper Indian Restaurant,Restaurant,,Melbourne,4,$$ - $$$,254,"14 Bourke St, Melbourne, Victoria 3000 Australia",-37.811314,144.972481,408
Miyako Japanese Cuisine & Teppanyaki,Restaurant,,Southbank,4,$$ - $$$,250,"3 Southgate Ave Upper Level, Shop UR2, Southgate Arts & Leisure Precinct, Melbourne, Victoria 3006 Australia",-37.820556,144.965833,323
BearBrass,Restaurant,,Southbank,4,$$ - $$$,252,"Shop GR3A 3 Southgate Ave Southbank VIC, Melbourne, Victoria 3006 Australia",-37.820556,144.965833,625
Shujinko,Restaurant,,Melbourne,4,$,261,"225 Russell St, Melbourne, Victoria 3000 Australia",-37.811322,144.967134,142
Kisume,Restaurant,,Melbourne,4,$$$$,234,"175 Flinders Lane, Melbourne, Victoria 3000 Australia",-37.8161823,144.9686911,399
Cafe Andiamo,Restaurant,,Melbourne,4,$$ - $$$,226,"36-38 Degraves Lane, Melbourne, Victoria 3000 Australia",-37.8169409,144.9658414,553
The Deck Restaurant,Restaurant,,Southbank,4,$$ - $$$,216,"Upper Level Southgate Southgate Centre, Southgate Arts & Leisure Complex/3, Melbourne, Victoria 3006 Australia",-37.8203389,144.9660726,284
Teatro,Restaurant,,Southbank,4,$$ - $$$,206,"Southbank Promenade Tenancy A Hamer Hall, Melbourne, Victoria 3006 Australia",-37.8201455,144.9679946,510
Meatmaiden,Restaurant,,Melbourne,4,$$ - $$$,204,"195 Little Collins St Basement, Melbourne, Victoria 3000 Australia",-37.814305,144.9677607,344
China Red,Restaurant,,Melbourne,4,$$ - $$$,181,"Shop 6 206 Bourke St, Melbourne, Victoria 3000 Australia",-37.8129003,144.9670263,353
The Atlantic Restaurant,Restaurant,,Southbank,4,$$$$,207,"Crown Entertainment Complex 8 Whiteman St Crown Entertainment Complex, Melbourne, Victoria 3006 Australia",-37.8235301,144.9580953,1570
Rockpool Bar & Grill,Restaurant,,Southbank,4,$$$$,189,"Crown Complex Southbank, Melbourne, Victoria 3006 Australia",-37.8235301,144.9580953,1961
Hophaus Bar,Restaurant,,Southbank,4,$$ - $$$,251,"Southgate Ave Shop MR5, Mid-Level, Southbank Promenade, Melbourne, Victoria 3006 Australia",-37.8202212,144.9657009,471
Waiters Restaurant - Italian Waiters Club,Restaurant,,Melbourne,4,$$ - $$$,183,"20 Meyers Pl, Melbourne, Victoria 3000 Australia",-37.8120825,144.9723485,282
Spaghetti Tree,Restaurant,,Melbourne,4,$$ - $$$,171,"59 Bourke St, Melbourne, Victoria 3000 Australia",-37.8119715,144.9715104,786
Arbory Bar & Eatery,Restaurant,,Melbourne,4,$$ - $$$,194,"Flinders Walk, Melbourne, Victoria 3000 Australia",-37.8188668,144.9676883,827
La Spaghettata,Restaurant,,Carlton,4,$$ - $$$,163,"238 Lygon St, Melbourne, Victoria 3053 Australia",-37.8016021,144.9671293,536
Triim Food & Drink,Restaurant,,Melbourne,4,$$ - $$$,259,"33 Hardware Lane, Melbourne, Victoria 3000 Australia",-37.8138416,144.9612009,224
Little Billy,Restaurant,,Melbourne,4,$$ - $$$,258,"Shop W2 195 William St, Melbourne, Victoria 3000 Australia",-37.8146578,144.9574246,162
Universal Restaurant,Restaurant,,Carlton,4,$$ - $$$,257,"141 Lygon Street Carlton, Melbourne, Victoria 3053 Australia",-37.8038454,144.9661208,363
Pho Bo Ga Mekong,Restaurant,,Melbourne,4,$,269,"241 Swanston St, Melbourne, Victoria 3000 Australia",-37.8123638,144.964862,448
Gradi Crown,Restaurant,,Southbank,4,$$ - $$$,246,"Crown Entertainment Complex 8 Whiteman St Shop 25, Melbourne, Victoria 3006 Australia",-37.8235301,144.9580953,1093
Mr. Hive,Restaurant,,Southbank,4,$$ - $$$,289,"Level 1, Crown Metropol 8 Whiteman Street, Melbourne, Victoria Australia",-37.8257525,144.9576725,456
Gordon's Cafe & Bar,Restaurant,,Melbourne,4,$$ - $$$,292,"306 Little Collins St Shop 4, Melbourne, Victoria 3000 Australia",-37.814879,144.9644211,147
Oriental Spoon,Restaurant,,Melbourne,4,$$ - $$$,295,"254 La Trobe St, Melbourne, Victoria 3000 Australia",-37.8100479,144.9617729,217
Windows Restaurant,Restaurant,,Melbourne,4,$$ - $$$,272,"65 Queens Rd, Melbourne, Victoria 3004 Australia",-37.8500935,144.978566,208
Grill'd Degraves St,Restaurant,,Melbourne,4,$,263,"15 Degraves St, Melbourne, Victoria 3000 Australia",-37.817761,144.9660313,219
Topolino's,Restaurant,,St Kilda,4,$$ - $$$,12,"87 Fitzroy St, St Kilda, Port Phillip, Victoria 3182 Australia",-37.8604875,144.9766344,386
Kirks Wine Bar,Restaurant,,Melbourne,4,$$ - $$$,243,"Cnr Hardware Lane and Little Bourke, Melbourne, Victoria 3000 Australia",-37.8136852,144.9612606,217
ShanDong MaMa,Restaurant,,Melbourne,4,$,271,"200 Bourke St Mid City Centre, Shop 7, Melbourne, Victoria 3000 Australia",-37.8128004,144.9674292,220
Simply Spanish,Restaurant,,South Melbourne,4,$$ - $$$,222,"116 Cecil St, Melbourne, Victoria 3205 Australia",-37.8320736,144.9559889,251
Republica,Restaurant,,St Kilda,4,$$ - $$$,11,"10-18 Jacka Boulevard St. Kilda Sea Baths, St Kilda, Port Phillip, Victoria 3182 Australia",-37.8652736,144.9717383,492
Tsindos-The Greeks Restaurant,Restaurant,,Melbourne,4,$$ - $$$,88,"197 Lonsdale St, Melbourne, Victoria 3000 Australia",-37.811264,144.9665725,718
Melbourne Hwaro Korean Barbecue,Restaurant,,Melbourne,4,$$ - $$$,285,"Level Ground 562 Little Bourke St, Melbourne, Victoria 3000 Australia",-37.8150065,144.95572,141
Don Don Japanese,Restaurant,,Melbourne,4,$,274,"198 Little Lonsdale St, Melbourne, Victoria 3000 Australia",-37.8107238,144.9635346,241
Beer DeLuxe,Restaurant,,Melbourne,4,$$ - $$$,277,"Federation Square Corner Swanston and Flinders Streets, Melbourne, Victoria 3000 Australia",-37.8179789,144.9690576,304
Grill'd QV,Restaurant,,Melbourne,4,$$ - $$$,309,"Level 2, Queen Victoria Square, Melbourne, Victoria 3000 Australia",-37.8186366,144.9626638,235
Abbey Road Cafe,Restaurant,,St Kilda,4,$$ - $$$,10,"129-131 Acland St, St Kilda, Port Phillip, Victoria 3182 Australia",-37.8686333,144.9793638,805
The Meat & Wine Co Hawthorn East,Restaurant,,Hawthorn,4,$$ - $$$,3,"482 Riversdale Rd, Hawthorn, Boroondara, Victoria 3123 Australia",-37.8315263,145.0564153,417
The Boatbuilders Yard,Restaurant,,South Wharf,4,$$ - $$$,211,"23 South Wharf Prom, Melbourne, Victoria 3006 Australia",-37.8241268,144.9529815,680
400 Gradi,Restaurant,,Brunswick,4,$$ - $$$,1,"99 Lygon St, Brunswick West, Moreland, Victoria 3057 Australia",-37.7760072,144.9706798,773
Belgian Beer Cafe,Restaurant,,Southbank,4,$$ - $$$,300,"5 Riverside Qy Southbank, Melbourne, Victoria 3006 Australia",-37.8215252,144.9644112,256
L'Hotel Gitan,Restaurant,,Prahran,4,$$ - $$$,2,"32 Commercial Rd, Prahran, Stonnington, Victoria 3181 Australia",-37.8461214,144.9868829,256
Hawker Hall,Restaurant,,Windsor,4,$$ - $$$,4,"98 Chapel St, Windsor, Stonnington, Victoria 3181 Australia",-37.8545419,144.9930685,506
Royal Stacks,Restaurant,,Melbourne,4,$,256,"470 Collins St, Melbourne, Victoria 3000 Australia",-37.8176172,144.9584134,169
Maccaroni Trattoria Italiana,Restaurant,,Melbourne,4,$$ - $$$,286,"10-16 Manchester Lane, Melbourne, Victoria 3000 Australia",-37.8160282,144.9659806,408
University Cafe,Restaurant,,Carlton,4,$$ - $$$,319,"257 Lygon St Carlton, Melbourne, Victoria 3053 Australia",-37.7994919,144.9669952,269
Asado,Restaurant,,Southbank,4,$$$$,301,"6 Riverside Quay, Melbourne, Victoria 3006 Australia",-37.8208141,144.9639348,211
Paris Go Bistro,Restaurant,,Carlton,4,$$ - $$$,307,"116 Rathdowne St, Melbourne, Victoria 3053 Australia",-37.7969421,144.970878,169
Il Gambero,Restaurant,,Carlton,4,$$ - $$$,303,"166 Lygon St Carlton, Melbourne, Victoria 3053 Australia",-37.8032879,144.9667144,322
Radio Mexico Taqueria & Bar,Restaurant,,St Kilda,4,$$ - $$$,15,"11-13 Carlisle St, St Kilda, Port Phillip, Victoria 3182 Australia",-37.8670443,144.979233,288
Mister Bianco,Restaurant,,Kew,4,$$ - $$$,3,"285 High St, Kew, Boroondara, Victoria 3101 Australia",-37.8050837,145.0351649,214
Caffe e Torta,Restaurant,,Melbourne,4,$$ - $$$,232,"314 Little Collins St, Melbourne, Victoria 3000 Australia",-37.8149057,144.964228,289
Spice Temple,Restaurant,,Southbank,4,$$$$,200,"Crown Entertainment Complex 8 Whiteman St Crown Complex, Southbank, Melbourne, Victoria 3006 Australia",-37.8238012,144.9598397,1311
The General Assembly,Restaurant,,South Wharf,4,$$ - $$$,273,"29 South Wharf Prom, Melbourne, Victoria 3006 Australia",-37.8242474,144.9519999,269
Shoya,Restaurant,,Melbourne,4,$$$$,310,"25 Market Lane, Melbourne, Victoria 3000 Australia",-37.811732,144.9691095,216
Pilgrim Bar,Restaurant,,Melbourne,4,$$ - $$$,325,"Vaults 15-19 Federation Wharf Federation Square, Melbourne, Victoria 3000 Australia",-37.8188223,144.969793,175
White Mojo Speciality Coffee & Roaster,Restaurant,,Melbourne,4,$$ - $$$,318,"115 Hardware St, Melbourne, Victoria 3000 Australia",-37.8121461,144.9605243,203
Laurent Bakery,Restaurant,,Melbourne,4,$$ - $$$,311,"306 Little Collins St, Melbourne, Victoria 3000 Australia",-37.8147333,144.9644018,352
One Eleven,Restaurant,,Melbourne,4,$$$$,313,"111 Spring Street The Hotel Windsor, Melbourne, Victoria 3000 Australia",-37.812125,144.9729651,175
Cafe Segovia,Restaurant,,Melbourne,4,$$ - $$$,308,"33 Block Place, Melbourne, Victoria 3000 Australia",-37.8152846,144.9643357,297
Saint Crispin,Restaurant,,Collingwood,4,$$$$,4,"300 Smith St, Collingwood, Yarra, Victoria 3066 Australia",-37.8002354,144.9842903,332
Marios Cafe,Restaurant,,Fitzroy,4,$$ - $$$,19,"303 Brunswick St, Fitzroy, Yarra, Victoria 3065 Australia",-37.7979472,144.9783158,225
Tim Ho Wan,Restaurant,,Melbourne,4,$$ - $$$,323,"206 Bourke St, Melbourne, Victoria 3000 Australia",-37.8126527,144.9669486,361
Rosetta,Restaurant,,Southbank,4,$$$$,224,"Crown Entertainment Complex 8 Whiteman St Crown Complex, Melbourne, Victoria 3006 Australia",-37.8235301,144.9580953,996
Le Bon Ton,Restaurant,,Collingwood,4,$$ - $$$,3,"51 Gipps St, Collingwood, Yarra, Victoria 3066 Australia",-37.8048183,144.9885608,306
Da Noi,Restaurant,,South Yarra,4,$$$$,270,"95 Toorak Rd South Yarra, Melbourne, Victoria 3141 Australia",-37.8385804,144.9896578,274
White Rabbit,Restaurant,,Brighton,4,$$ - $$$,3,"118 Church St, Brighton, Bayside, Victoria 3186 Australia",-37.9153913,144.9958342,246
Oriental Tea House,Restaurant,,Melbourne,4,$$ - $$$,255,"378 Little Collins St, Melbourne, Victoria 3000 Australia",-37.8155739,144.9620832,221
Lindt Chocolate Cafe Southgate Melbourne,Restaurant,,Southbank,4,$$ - $$$,282,"Shop G09, 3 Southgate Avenue Southgate Retail Precinct, Melbourne, Victoria 3006 Australia",-37.8203199,144.9661527,208
Fonda Mexican,Restaurant,,Melbourne,4,$$ - $$$,349,"31 Flinders Lane, Melbourne, Victoria 3000 Australia",-37.8148147,144.9733165,312
Pope Joan,Restaurant,,Melbourne,4,$$ - $$$,354,"45 Collins St, Melbourne, Victoria 3000 Australia",-37.8146251,144.9742631,170
The Hof Downtown,Restaurant,,Docklands,4,$$ - $$$,383,"737 Bourke St Corner of Bourke and Village Street, Melbourne, Victoria 3008 Australia",-37.8194489,144.9491663,160
The Irish Times Pub,Restaurant,,Melbourne,4,$$ - $$$,353,"427 Little Collins St, Melbourne, Victoria 3000 Australia",-37.8162582,144.960506,270
Ecco,Restaurant,,South Yarra,4,$$ - $$$,335,"97 Toorak Rd, Melbourne, Victoria 3141 Australia",-37.8385648,144.9897571,157
Collins Kitchen,Restaurant,,Melbourne,4,$$$$,357,"123 Collins St, Melbourne, Victoria 3000 Australia",-37.8152145,144.9700836,273
Station Hotel,Restaurant,,Footscray,4,$$ - $$$,3,"59 Napier St, Footscray, Maribyrnong, Victoria 3011 Australia",-37.8045755,144.9015749,352
"Borsch, Vodka & Tears",Restaurant,,Windsor,4,$$ - $$$,5,"173 Chapel St, Windsor, Stonnington, Victoria 3181 Australia",-37.8521156,144.9930842,236
Lamaro's Hotel,Restaurant,,South Melbourne,4,$$ - $$$,328,"273 Cecil St, Melbourne, Victoria 3205 Australia",-37.8383852,144.9604371,194
Postmaster Hotel,Restaurant,,Kew,4,$$ - $$$,2,"186 High St, Kew, Boroondara, Victoria 3101 Australia",-37.8067753,145.0314528,185
Rococo,Restaurant,,St Kilda,4,$$ - $$$,6,"87-91 Acland St St.Kilda, St Kilda, Port Phillip, Victoria 3182 Australia",-37.867946,144.978887,973
Flora Indian Restaurant,Restaurant,,Melbourne,4,$,385,"238A Flinders St, Melbourne, Victoria 3000 Australia",-37.817516,144.966498,235
Mesh - Crown Promenade,Restaurant,,Southbank,4,$$ - $$$,378,"8 Whiteman Street, Southbank 8 Whiteman St, Southbank, Melbourne, Victoria 3006 Australia",-37.8239578,144.9594467,432
Radii Restaurant & Bar,Restaurant,,East Melbourne,4,$$$$,384,"1 Parliament Pl, Melbourne, Victoria 3002 Australia",-37.811233,144.9764999,211
Riverland,Restaurant,,Melbourne,4,$$ - $$$,375,"Vaults 1-9 Federation Wharf Federation Square, Melbourne, Victoria 3000 Australia",-37.8188223,144.969793,317
Plus 5,Restaurant,,South Wharf,4,$$ - $$$,359,"37 South Wharf Promenade, Melbourne, Victoria 3008 Australia",-37.8241938,144.9511895,233
Garden State Hotel,Restaurant,,Melbourne,4,$$ - $$$,345,"101 Flinders Lane, Melbourne, Victoria 3000 Australia",-37.8153887,144.9711596,299
Kri Kri,Restaurant,,Melbourne,4,$$ - $$$,333,"39-41 Little Bourke St, Melbourne, Victoria 3000 Australia",-37.810815,144.971497,370
Saint & Rogue,Restaurant,,Melbourne,4,$$ - $$$,330,"582 Little Collins St, Melbourne, Victoria 3000 Australia",-37.8174212,144.9553607,127
Mr. Miyagi,Restaurant,,Windsor,4,$$ - $$$,2,"99 Chapel St, Windsor, Stonnington, Victoria 3181 Australia",-37.854239,144.992821,401
The Crafty Squire,Restaurant,,Melbourne,4,$$ - $$$,299,"127 Russell St, Melbourne, Victoria 3000 Australia",-37.8137225,144.9682952,363
Abla's,Restaurant,,Carlton,4,$$ - $$$,316,"109 Elgin St, Melbourne, Victoria 3053 Australia",-37.7977139,144.9710972,204
The Moat,Restaurant,,Melbourne,4,$$ - $$$,365,"176 Little Lonsdale St, Melbourne, Victoria 3000 Australia",-37.8101615,144.9653769,123
The Louden Kitchen & Grill,Restaurant,,Melbourne,4,$$ - $$$,387,"265 Little Bourke St, Melbourne, Victoria 3000 Australia",-37.81282,144.9647544,157
The Essence,Restaurant,,Melbourne,4,$$ - $$$,369,"Corner Exhibition & Lonsdale Streets Melbourne Marriott Hotel, Melbourne, Victoria 3000 Australia",-37.809947,144.9694324,240
Dock 37 Bar and Kitchen,Restaurant,,South Wharf,4,$$ - $$$,337,"2 Convention Centre Pl South Wharf, Melbourne, Victoria 3006 Australia",-37.8247906,144.9511172,177
Cafe Issus,Restaurant,,Melbourne,4,$$ - $$$,339,"8-10 Centre Pl, Melbourne, Victoria 3000 Australia",-37.8167121,144.9656432,264
Philhellene,Restaurant,,Moonee Ponds,4,$$ - $$$,3,"551-553 Mount Alexander Rd, Moonee Ponds, Moonee Valley, Victoria 3039 Australia",-37.7693864,144.9254166,187
Yassas - The Greek Way,Restaurant,,Southbank,4,$$ - $$$,392,"4-9/3 Southgate Ave Southgate Plaza, Melbourne, Victoria 3006 Australia",-37.8201046,144.9662172,399
Locanda Restaurant & Public Bar,Restaurant,,Melbourne,4,$$ - $$$,317,"186 Exhibition St, Melbourne, Victoria 3000 Australia",-37.8112832,144.9707745,369
Sake Restaurant & Bar (Melbourne),Restaurant,,Melbourne,4,$$ - $$$,389,"121 Flinders Lane, Melbourne, Victoria 3000 Australia",-37.8156645,144.9704982,181
Jim's Greek Tavern,Restaurant,,Collingwood,4,$$ - $$$,5,"32 Johnston St, Collingwood, Yarra, Victoria 3066 Australia",-37.7988778,144.9857833,457
Ginza Teppanyaki,Restaurant,,Melbourne,4,$$ - $$$,380,"139 Little Bourke St, Melbourne, Victoria 3000 Australia",-37.8117462,144.9684227,229
Eliana Lulu,Restaurant,,Melbourne,4,$$ - $$$,287,"7-9 Centre Pl, Melbourne, Victoria 3000 Australia",-37.8165973,144.9655393,166
Dumplings Plus,Restaurant,,Melbourne,4,$,381,"269 Swanston St, Melbourne, Victoria 3000 Australia",-37.8119386,144.9646576,264
Curry Vault Indian Restaurant and Bar,Restaurant,,Melbourne,4,$$ - $$$,334,"18-20 Bank Pl, Melbourne, Victoria 3000 Australia",-37.8164609,144.960423,300
The Crane Restaurant,Restaurant,,Melbourne,4,$$ - $$$,416,"212 Little Bourke St, Melbourne, Victoria 3000 Australia",-37.8120431,144.9662818,194
Daughter in Law,Restaurant,,Melbourne,4,$$ - $$$,404,"37 Little Bourke St Ground Floor, Melbourne, Victoria 3000 Australia",-37.8108022,144.971503,113
Cornish Arms Hotel,Restaurant,,Brunswick,4,$$ - $$$,4,"163A Sydney Rd, Brunswick, Moreland, Victoria 3056 Australia",-37.773417,144.96087,184
D.O.C,Restaurant,,Carlton,4,$$ - $$$,356,"326 Lygon St Carlton, Melbourne, Victoria 3053 Australia",-37.799338,144.967471,262
Cafe Cavallino,Restaurant,,Carlton,4,$$ - $$$,410,"181-183 Lygon Street, Melbourne, Victoria Australia",-37.8014047,144.9666468,260
Chinta Ria Soul,Restaurant,,St Kilda,4,$$ - $$$,18,"94 Acland St, St Kilda, Port Phillip, Victoria 3182 Australia",-37.8677208,144.9792653,247
The Pancake Parlour,Restaurant,,Melbourne,4,$$ - $$$,411,"Centrepoint Arcade, Bourke Street Mall Centrepoint Arcade, Bourke Street Mall, Down the Escalators, Between Sportsgirl and Jetty Surf, Melbourne, Victoria 3000 Australia",-37.8137685,144.9644379,323
Hopetoun Tea Rooms est. 1892,Restaurant,,Melbourne,4.5,$$ - $$$,26,"421 Bourke St Hopetoun Tea Rooms, Melbourne, Victoria 3000 Australia",-37.8147447,144.9617186,2311
Da Guido La Pasta,Restaurant,,Carlton,4.5,$$ - $$$,2,"130 Lygon St Carlton, Melbourne, Victoria 3053 Australia",-37.8040324,144.9666117,1095
Pidapipo Gelateria,Restaurant,,Carlton,4.5,$,11,"299 Lygon St, Carlton, Melbourne, Victoria 3053 Australia",-37.7983787,144.9670955,433
Kazuki's,Restaurant,,Carlton,4.5,$$$$,9,"121 Lygon St Carlton, Melbourne, Victoria 3053 Australia",-37.8041216,144.9660142,500
Hochi Mama,Restaurant,,Melbourne,4.5,$$ - $$$,17,"35 Little Bourke St, Melbourne, Victoria 3000 Australia",-37.810701,144.971677,1469
Sezar,Restaurant,,Melbourne,4.5,$$ - $$$,18,"6 Melbourne Pl, Melbourne, Victoria 3000 Australia",-37.81339,144.9689499,1024
The French Brasserie,Restaurant,,Melbourne,4.5,$$$$,19,"2 Malthouse Lane, Melbourne, Victoria 3000 Australia",-37.8154573,144.9715812,721
The Railway Club Hotel Steakhouse,Restaurant,,Port Melbourne,4.5,$$ - $$$,24,"107 Raglan St Port Melbourne, Melbourne, Victoria 3207 Australia",-37.8337815,144.9443076,680
Bistrot d'Orsay,Restaurant,,Melbourne,4.5,$$ - $$$,29,"184 Collins St, Melbourne, Victoria 3000 Australia",-37.8150355,144.967406,497
Da Guido 365,Restaurant,,Melbourne,4.5,$$ - $$$,7,"365 Little Collins St, Melbourne, Victoria 3000 Australia",-37.8155631,144.9626661,524
Roule Galette Melbourne,Restaurant,,Melbourne,4.5,$,8,"241 Flinders Lane Shop 1, Melbourne, Victoria 3000 Australia",-37.8168239,144.9662818,604
Eau De Vie,Restaurant,,Melbourne,4.5,$$ - $$$,15,"1 Malthouse Lane, Melbourne, Victoria 3000 Australia",-37.8157231,144.9715309,814
Tipo 00,Restaurant,,Melbourne,4.5,$$ - $$$,20,"361 Little Bourke St, Melbourne, Victoria 3000 Australia",-37.8135846,144.9619894,823
Ruyi Modern Chinese,Restaurant,,Melbourne,4.5,$$ - $$$,25,"16 Liverpool St, Melbourne, Victoria 3000 Australia",-37.8110844,144.9714663,377
Longrain,Restaurant,,Melbourne,4.5,$$ - $$$,28,"44 Little Bourke St, Melbourne, Victoria 3000 Australia",-37.8106475,144.9712096,1172
Straight Outta Saigon,Restaurant,,Melbourne,4.5,$$ - $$$,13,"138 Russell Street Ground level, Melbourne, Victoria 3000 Australia",-37.8130144,144.96839,337
Patricia Coffee Brewers,Restaurant,,Melbourne,4.5,$,27,"493-495 Little Bourke St, Melbourne, Victoria 3000 Australia",-37.8146934,144.9582383,212
Coda,Restaurant,,Melbourne,4.5,$$$$,49,"141 Flinders Lane, Melbourne, Victoria 3000 Australia",-37.8157661,144.9698897,1150
Bowery to Williamsburg,Restaurant,,Melbourne,4.5,$$ - $$$,55,"16 Oliver Lane, Melbourne, Victoria 3000 Australia",-37.8162381,144.970252,322
Rare Steakhouse Midtown,Restaurant,,Melbourne,4.5,$$ - $$$,51,"12 Goldie Pl, Melbourne, Victoria 3000 Australia",-37.813386,144.960767,344
Seven Seeds,Restaurant,,Carlton,4.5,$$ - $$$,46,"114 Berkley Street Carlton, Melbourne, Victoria Australia",-37.8028937,144.9590482,381
Bettyâ€™s Burgers & Concrete Co,Restaurant,,Melbourne,4.5,$,44,"97 Elizabeth St, Melbourne, Victoria 3000 Australia",-37.8159123,144.9636262,1215
seamstress,Restaurant,,Melbourne,4.5,$$ - $$$,36,"113 Lonsdale St, Melbourne, Victoria 3000 Australia",-37.8105559,144.9690188,501
Laksa King,Restaurant,,Flemington,4.5,$,61,"6-12 Pin Oak Cres Flemington, Melbourne, Victoria 3031 Australia",-37.7878851,144.9295518,557
Sud Food and Wine,Restaurant,,Melbourne,4.5,$$ - $$$,56,"219 King St, Melbourne, Victoria 3000 Australia",-37.8151074,144.9549067,230
11 Inch Pizza,Restaurant,,Melbourne,4.5,$,4,"Shop 7A 353 Little Collins St, Melbourne, Victoria 3000 Australia",-37.8155661,144.9629631,324
Operator 25,Restaurant,,Melbourne,4.5,$$ - $$$,22,"25 Wills St, Melbourne, Victoria 3000 Australia",-37.8107329,144.9570341,447
Koko Black Chocolate,Restaurant,,Melbourne,4.5,$$ - $$$,38,"52 Collins St, Melbourne, Victoria 3000 Australia",-37.8134641,144.9718105,558
Auction Rooms,Restaurant,,North Melbourne,4.5,$$ - $$$,57,"103-107 Errol St, Melbourne, Victoria 3051 Australia",-37.8025013,144.9494883,432
Tonka,Restaurant,,Melbourne,4.5,$$$$,58,"20 Duckboard Pl, Melbourne, Victoria 3000 Australia",-37.8157594,144.9714188,817
Il Solito Posto,Restaurant,,Melbourne,4.5,$$ - $$$,23,"113 Collins St via George Parade, Melbourne, Victoria 3000 Australia",-37.8147691,144.9702618,989
Geppetto Trattoria,Restaurant,,East Melbourne,4.5,$$ - $$$,5,"78A Wellington Pde, Melbourne, Victoria 3002 Australia",-37.8164787,144.9873637,439
Railway Hotel,Restaurant,,South Melbourne,4.5,$$ - $$$,52,"280 Ferrars St, Melbourne, Victoria 3205 Australia",-37.8353989,144.9557756,267
Afternoon Tea at The Hotel Windsor,Restaurant,,Melbourne,4.5,$$$$,41,"111 Spring Street The Hotel Windsor, Melbourne, Victoria 3000 Australia",-37.812125,144.9729651,1508
Piccolo Mondo,Restaurant,,Carlton,4.5,$$ - $$$,47,"240 Lygon St Carlton, Melbourne, Victoria 3053 Australia",-37.8015593,144.9671281,735
1932 Cafe & Restaurant,Restaurant,,Melbourne,4.5,$$ - $$$,50,"220 Collins St Manchester Unity Building, Melbourne, Victoria 3000 Australia",-37.8153266,144.9661686,443
+39 Pizzeria,Restaurant,,Melbourne,4.5,$$ - $$$,48,"362 Little Bourke St, Melbourne, Victoria 3000 Australia",-37.8132826,144.9617644,1232
Red Spice Road,Restaurant,,Melbourne,4.5,$$ - $$$,31,"141 Queen St, Melbourne, Victoria 3000 Australia",-37.8153487,144.9606082,1737
Straits Cafe Melbourne,Restaurant,,Melbourne,4.5,$$ - $$$,75,"Rendezvous Hotel Melbourne 328 Flinders St, Melbourne, Victoria 3000 Australia",-37.8183324,144.9635426,262
MoVida Aqui,Restaurant,,Melbourne,4.5,$$ - $$$,81,"Nab Building, 1 500 Bourke St NAB Building, Melbourne, Victoria 3000 Australia",-37.8152622,144.9589353,752
Cicciolina,Restaurant,,St Kilda,4.5,$$ - $$$,62,"130 Acland St, Melbourne, Victoria 3182 Australia",-37.8685591,144.9800192,375
Movida Bar de Tapas,Restaurant,,Melbourne,4.5,$$ - $$$,72,"1 Hosier Lane, Melbourne, Victoria 3000 Australia",-37.8167338,144.9691879,2760
The Sherlock Holmes,Restaurant,,Melbourne,4.5,$$ - $$$,64,"415 Collins St, Melbourne, Victoria 3000 Australia",-37.8173653,144.9608277,344
Rare Steakhouse Downtown,Restaurant,,Melbourne,4.5,$$ - $$$,60,"42-44 King St, Melbourne, Victoria 3000 Australia",-37.8191552,144.9572031,516
Rice Paper Scissors,Restaurant,,Melbourne,4.5,$$ - $$$,6,"15 Hardware Lane, Melbourne, Victoria 3000 Australia",-37.8142828,144.9614027,2701
Ganache Chocolate,Restaurant,,Melbourne,4.5,$$ - $$$,87,"245 Collins St, Melbourne, Victoria 3000 Australia",-37.8159474,144.9657181,260
Flower Drum,Restaurant,,Melbourne,4.5,$$$$,42,"17 Market Lane, Melbourne, Victoria 3000 Australia",-37.8119154,144.9691713,1367
Rare Steakhouse Uptown,Restaurant,,Melbourne,4.5,$$ - $$$,40,"61 Little Collins St Shop 6, Melbourne, Victoria 3000 Australia",-37.8129822,144.9716921,755
Manchester Press,Restaurant,,Melbourne,4.5,$$ - $$$,84,"8 Rankins Lane, Melbourne, Victoria 3000 Australia",-37.8138885,144.9621516,500
Delhi Streets Indian Street Food,Restaurant,,Melbourne,4.5,$,37,"22 Katherine Pl, Melbourne, Victoria 3000 Australia",-37.819841,144.956474,262
Amiconi,Restaurant,,West Melbourne,4.5,$$ - $$$,71,"359 Victoria St Locality is West Melbourne, Melbourne, Victoria 3003 Australia",-37.8053936,144.9495793,181
La Luna Bistro,Restaurant,,Carlton North,4.5,$$ - $$$,69,"320 Rathdowne St Carlton, North, Melbourne, Victoria 3054 Australia",-37.7910977,144.9719126,384
pastuso,Restaurant,,Melbourne,4.5,$$ - $$$,78,"19 Acdc Lane Off Flinders Lane Between Collins St and Exhibition St, Melbourne, Victoria 3000 Australia",-37.8158817,144.9710089,857
Brunetti Classico - Carlton,Restaurant,,Carlton,4.5,$$ - $$$,79,"380 Lygon St 380 Lygon St, Carlton Vic, Melbourne, Victoria 3053 Australia",-37.7981335,144.9677286,3247
Lucy Liu Kitchen and Bar,Restaurant,,Melbourne,4.5,$$ - $$$,67,"23 Oliver Lane, Melbourne, Victoria 3000 Australia",-37.8159928,144.9699538,1195
San Telmo,Restaurant,,Melbourne,4.5,$$ - $$$,66,"14 Meyers Pl, Melbourne, Victoria 3000 Australia",-37.8121868,144.9724559,709
Bamboo House Chinese Restaurant,Restaurant,,Melbourne,4.5,$$ - $$$,90,"47 Little Bourke St, Melbourne, Victoria 3000 Australia",-37.8109675,144.9711221,405
Vue De Monde,Restaurant,,Melbourne,4.5,$$$$,33,"525 Collins St Rialto Building 55th Floor, Melbourne, Victoria 3000 Australia",-37.8183961,144.957721,2035
Il Bacaro Cucina e Bar,Restaurant,,Melbourne,4.5,$$$$,12,"68-170 Little Collins St 168-170 Little Collins St, Melbourne, Victoria 3000 Australia",-37.8138632,144.967994,504
Grand Trailer Park Taverna,Restaurant,,Melbourne,4.5,$$ - $$$,82,"87 Bourke St, Melbourne, Victoria 3000 Australia",-37.8121554,144.9708994,296
B'Churrasco Brazilian BBQ,Restaurant,,Melbourne,4.5,$$ - $$$,43,"61 A'Beckett St, Melbourne, Victoria 3000 Australia",-37.8091543,144.9616982,557
The Hardware Societe,Restaurant,,Melbourne,4.5,$$ - $$$,35,"10 Katherine Pl, Melbourne, Victoria 3000 Australia",-37.8200218,144.9566345,1879
Supernormal,Restaurant,,Melbourne,4.5,$$ - $$$,53,"180 Flinders Lane, Melbourne, Victoria 3000 Australia",-37.815972,144.9683489,1619
Embla,Restaurant,,Melbourne,4.5,$$ - $$$,70,"122 Russell St, Melbourne, Victoria 3000 Australia",-37.813394,144.9686092,266
Cucinetta,Restaurant,,South Yarra,4.5,$$ - $$$,10,"U 4 3 Murphy St South Yarra, Melbourne, Victoria 3141 Australia",-37.8382844,144.9900594,401
Chocolate Buddha,Restaurant,,Melbourne,4.5,$$ - $$$,32,"Cnr. Flinders & Swanston Street Federation Square, Melbourne, Victoria 3000 Australia",-37.8175103,144.9675235,717
The Grain Store,Restaurant,,Melbourne,4.5,$$ - $$$,39,"Ground Floor 517 Flinders Lane, Melbourne, Victoria 3000 Australia",-37.8196561,144.95653,1248
Cargo Restaurant,Restaurant,,Docklands,4.5,$$ - $$$,86,"Docklands Melbourne, Melbourne, Victoria 3008 Australia",-37.8170652,144.9419122,696
Cecconi's Flinders Lane,Restaurant,,Melbourne,4.5,$$$$,80,"61 Flinders Lane, Melbourne, Victoria 3000 Australia",-37.8150555,144.9725293,539
MoVida Next Door,Restaurant,,Melbourne,4.5,$$ - $$$,73,"164 Flinders St, Melbourne, Victoria 3000 Australia",-37.8167888,144.9691739,528
Punch Lane,Restaurant,,Melbourne,4.5,$$ - $$$,34,"43 Little Bourke St, Melbourne, Victoria 3000 Australia",-37.8109091,144.9713803,667
DOC Pizza & Mozzarella Bar,Restaurant,,Carlton,4.5,$$ - $$$,91,"295 Drummond St, Melbourne, Victoria 3053 Australia",-37.7989674,144.9684753,672
Kenzan Japanese Restaurant,Restaurant,,Melbourne,4.5,$$ - $$$,105,"56 Flinders Lane At Collins Place, Melbourne, Victoria 3000 Australia",-37.8144879,144.9729852,278
Seasons Provedore,Restaurant,,Carlton,4.5,$$ - $$$,102,"199 Lygon St, Melbourne, Victoria 3053 Australia",-37.800967,144.966654,494
1806,Restaurant,,Melbourne,4.5,$$ - $$$,110,"169 Exhibition St, Melbourne, Victoria 3000 Australia",-37.811684,144.9701283,259
Philippe,Restaurant,,Melbourne,4.5,$$$$,103,"115 Collins St, Melbourne, Victoria 3000 Australia",-37.8147295,144.9700165,261
Rosco's at Chevron Cafe Bar,Restaurant,,Melbourne,4.5,$$ - $$$,118,"14/519 St Kilda Rd, Melbourne, Victoria 3004 Australia",-37.8453253,144.9794322,262
Hakata Gensuke Ramen,Restaurant,,Melbourne,4.5,$,54,"168 Russell St, Melbourne, Victoria 3000 Australia",-37.8122628,144.9681737,369
Taxi Kitchen,Restaurant,,Melbourne,4.5,$$ - $$$,76,"Level 1, Federation Square, Flinders Street Transport Hotel, Melbourne, Victoria 3000 Australia",-37.8183938,144.9684217,953
Bomba,Restaurant,,Melbourne,4.5,$$ - $$$,65,"103 Lonsdale St, Melbourne, Victoria 3000 Australia",-37.8104213,144.9691111,457
Cumulus Inc.,Restaurant,,Melbourne,4.5,$$ - $$$,59,"45 Flinders La, Melbourne, Victoria 3000 Australia",-37.8148032,144.9730757,2123
Gingerboy,Restaurant,,Melbourne,4.5,$$ - $$$,77,"27-29 Crossley St, Melbourne, Victoria 3000 Australia",-37.8112002,144.9709745,990
Grill Steak Seafood,Restaurant,,Melbourne,4.5,$$ - $$$,68,"68 - 78 Hardware Lane, Melbourne, Victoria 3000 Australia",-37.8130614,144.9610642,1479
Milk the Cow (St Kilda),Restaurant,,St Kilda,4.5,$$ - $$$,2,"U 1 157 Fitzroy St, St Kilda, Port Phillip, Victoria 3182 Australia",-37.8589,144.97947,338
Carlton Wine Room,Restaurant,,Carlton,4.5,$$ - $$$,142,"172-174 Faraday Street Carlton, Melbourne, Victoria Australia",-37.7986111,144.9686111,205
A Hereford Beefstouw,Restaurant,,Melbourne,4.5,$$ - $$$,139,"22 Duckboard Pl, Melbourne, Victoria 3000 Australia",-37.8158063,144.9713154,199
Cafe Rosco,Restaurant,,Melbourne,4.5,$$ - $$$,130,"407D St Kilda Rd, Melbourne, Victoria 3004 Australia",-37.8361923,144.9761994,232
Chokolait Hub,Restaurant,,Melbourne,4.5,$$ - $$$,106,"287 Lonsdale St Shop 342, Level 3, Emporium, Melbourne, Victoria 3000 Australia",-37.8123362,144.9637384,410
HQ's On William,Restaurant,,Melbourne,4.5,$$ - $$$,122,"380 William St Radisson on Flagstaff Gardens, Melbourne, Victoria 3000 Australia",-37.8103603,144.9560809,306
Lupino Bistro and Bar,Restaurant,,Melbourne,4.5,$$ - $$$,16,"41 Little Collins St, Melbourne, Victoria 3000 Australia",-37.812776,144.9723611,416
Donovans,Restaurant,,St Kilda,4.5,$$$$,1,"40 Jacka Boulevard, St Kilda, Port Phillip, Victoria 3182 Australia",-37.8685776,144.9751279,1022
Brick Lane Melbourne,Restaurant,,Melbourne,4.5,$$ - $$$,14,"33 Guildford Lane, Melbourne, Victoria 3000 Australia",-37.8114463,144.9598499,208
Brother Baba Budan,Restaurant,,Melbourne,4.5,$,30,"359 Little Bourke St Cbd, Melbourne, Victoria 3000 Australia",-37.813541,144.9620988,440
Japanese Teppanyaki Inn,Restaurant,,Melbourne,4.5,$$$$,107,"182 Collins St, Melbourne, Victoria 3000 Australia",-37.8150015,144.9675291,219
Rosa's Canteen,Restaurant,,Melbourne,4.5,$$ - $$$,138,"Cnr Little Bourke & Thomson St Level 1, Melbourne, Victoria 3000 Australia",-37.8144103,144.9587573,154
Two Birds One Stone,Restaurant,,South Yarra,4.5,$$ - $$$,101,"12 Claremont St, Melbourne, Victoria 3141 Australia",-37.8379997,144.9940221,366
Squires Loft South Yarra,Restaurant,,South Yarra,4.5,$$ - $$$,93,"166 Toorak Rd, Melbourne, Victoria 3141 Australia",-37.8379464,144.9851537,383
Epocha,Restaurant,,Carlton,4.5,$$$$,128,"49 Rathdowne St Carlton South, Melbourne, Victoria 3053 Australia",-37.8059343,144.96879,254
IL Dolce Freddo,Restaurant,,Carlton,4.5,$,146,"116 Lygon Street, Carlton, Melbourne, Victoria 3053 Australia",-37.8042985,144.9665411,175
Osteria Ilaria,Restaurant,,Melbourne,4.5,$$ - $$$,120,"367 Little Bourke St, Melbourne, Victoria 3000 Australia",-37.8136094,144.9618977,248
Juicy Bao,Restaurant,,Melbourne,4.5,$,123,"178-190 Little Bourke St Shop 2, Melbourne, Victoria 3000 Australia",-37.8118913,144.9669625,365
Fitzrovia,Restaurant,,St Kilda,4.5,$$ - $$$,3,"155 Fitzroy St, St Kilda, Port Phillip, Victoria 3182 Australia",-37.8589853,144.9792654,732
Trattoria Emilia,Restaurant,,Melbourne,4.5,$$ - $$$,141,"360 Little Collins St Little Collins Street, Melbourne, Victoria 3000 Australia",-37.815333,144.9626731,261
Maha,Restaurant,,Melbourne,4.5,$$$$,45,"21 Bond St, Melbourne, Victoria 3000 Australia",-37.8181528,144.962662,1702
Vivace,Restaurant,,Brighton,4.5,$$ - $$$,1,"317 Bay St, Brighton, Bayside, Victoria 3186 Australia",-37.9054646,145.0030601,408
Dukes Coffee Roasters,Restaurant,,Melbourne,4.5,$,89,"247 Flinders Lane, Melbourne, Victoria 3000 Australia",-37.8168963,144.9660953,182
Becco,Restaurant,,Melbourne,4.5,$$$$,124,"11-25 Crossley St, Melbourne, Victoria 3000 Australia",-37.8114384,144.9709133,378
Sally's Kitchen and Winebar,Restaurant,,Melbourne,4.5,$$ - $$$,131,"115 Little Lonsdale St, Melbourne, Victoria 3000 Australia",-37.8094188,144.9685701,232
The Recreation bistro x bottleshop,Restaurant,,Fitzroy,4.5,$$ - $$$,143,"162-170 Queens Parade, Fitzroy North, Melbourne, Victoria 3068 Australia",-37.7905673,144.9852208,109
DoDee Paidang Thai Bar and Cafe,Restaurant,,Melbourne,4.5,$,117,"353 Little Collins St, Melbourne, Victoria 3000 Australia",-37.8158988,144.9631565,185
Noir,Restaurant,,Richmond,4.5,$$$$,3,"175 Swan St, Richmond, Yarra, Victoria 3121 Australia",-37.8254928,144.997523,234
Bouzy Rouge,Restaurant,,Richmond,4.5,$$ - $$$,2,"470 Bridge Rd, Richmond, Yarra, Victoria 3121 Australia",-37.8195644,145.0071607,358
Mercadante Woodfired Pizzeria,Restaurant,,Carlton,4.5,$$ - $$$,175,"Shop 123, Lygon St Carlton, Melbourne, Victoria 3053 Australia",-37.8040987,144.966046,365
Palermo,Restaurant,,Melbourne,4.5,$$ - $$$,166,"401 Little Bourke St, Melbourne, Victoria 3000 Australia",-37.813901,144.9609941,143
Ciao Cielo,Restaurant,,Port Melbourne,4.5,$$ - $$$,159,"115 Bay St, Melbourne, Victoria 3207 Australia",-37.840291,144.9403302,268
The Lui Bar,Restaurant,,Melbourne,4.5,$$$$,113,"Rialto L 55 525 Collins St, Melbourne, Victoria 3000 Australia",-37.8182741,144.957646,463
Centonove,Restaurant,,Kew,4.5,$$$$,1,"109 Cotham Rd, Kew, Boroondara, Victoria 3101 Australia",-37.8075681,145.0387546,252
Axil Coffee Roasters,Restaurant,,Hawthorn,4.5,$$ - $$$,150,"322 Burwood Rd Hawthorn Not Camberwell, Melbourne, Victoria 3122 Australia",-37.8228023,145.0342226,200
Claypots Seafood Bar,Restaurant,,St Kilda,4.5,$$ - $$$,4,"213 Barkly St, St Kilda, Port Phillip, Victoria 3182 Australia",-37.8699281,144.9804956,525
Vaporetto Bar & Eatery,Restaurant,,Hawthorn,4.5,$$ - $$$,2,"Rear 681 Glenferrie Rd Enter via Grace St, Hawthorn, Boroondara, Victoria 3122 Australia",-37.8204272,145.0355616,261
Ombra Salumi Bar,Restaurant,,Melbourne,4.5,$$ - $$$,158,"76 Bourke St, Melbourne, Victoria 3000 Australia",-37.8117355,144.9709762,230
Fiorelli,Restaurant,,Hawthorn,4.5,$$ - $$$,1,"209 Camberwell Road, Camberwell, Victoria 3124 Australia",-37.830406,145.05586,213
Galleon Cafe,Restaurant,,St Kilda,4.5,$$ - $$$,5,"9 Carlisle St, St Kilda, Port Phillip, Victoria 3182 Australia",-37.8670551,144.9790896,260
Eureka 89,Restaurant,,Southbank,4.5,$$$$,190,"7 Riverside Quay Level 89, Eureka Tower, Melbourne, Victoria 3006 Australia",-37.8213342,144.9646982,264
Hanoi Mee Kitchen & Bar,Restaurant,,Port Melbourne,4.5,$$ - $$$,184,"140 Rouse St Port Melbourne, Melbourne, Victoria 3207 Australia",-37.8420644,144.9398109,112
The Olive Tree,Restaurant,,South Melbourne,4.5,$$ - $$$,186,"19 Park St, Melbourne, Victoria 3205 Australia",-37.8331008,144.9699897,180
Chuckle Park Bar,Restaurant,,Melbourne,4.5,$$ - $$$,188,"322 Little Collins St, Melbourne, Victoria 3000 Australia",-37.8149346,144.9640367,157
Gin Palace,Restaurant,,Melbourne,4.5,$$ - $$$,156,"10 Russell Pl, Melbourne, Victoria 3000 Australia",-37.8138343,144.9675091,274
Mahn Doo,Restaurant,,Melbourne,4.5,$$ - $$$,169,"365 La Trobe St, Melbourne, Victoria 3000 Australia",-37.8113767,144.9586343,119
Banff,Restaurant,,St Kilda,4.5,$,8,"145 Fitzroy St, St Kilda, Port Phillip, Victoria 3182 Australia",-37.8593134,144.9785336,384
St LuJa,Restaurant,,St Kilda,4.5,$$ - $$$,7,"9 Fitzroy St, St Kilda, Port Phillip, Victoria 3182 Australia",-37.8626312,144.9731817,124
Vertue Coffee Roasters,Restaurant,,Carlton,4.5,$$ - $$$,217,"8 Raffa Place, Melbourne, Victoria 3053 Australia",-37.7976944,144.9683387,114
Shakahari Vegetarian Restaurant,Restaurant,,Carlton,4.5,$$ - $$$,231,"201-203 Faraday St, Melbourne, Victoria 3053 Australia",-37.798995,144.967807,221
Bacash Restaurant,Restaurant,,Melbourne,4.5,$$$$,219,"175 Domain Rd, Melbourne, Victoria 3141 Australia",-37.8341667,144.9819444,208
La Belle Miette,Restaurant,,Melbourne,4.5,$$ - $$$,239,"8 Collins St, Melbourne, Victoria 3000 Australia",-37.8130696,144.9732276,121
Lee Ho Fook,Restaurant,,Melbourne,4.5,$$ - $$$,202,"11-15 Duckboard Pl, Melbourne, Victoria 3000 Australia",-37.8155997,144.9713084,200
Scugnizzo,Restaurant,,Melbourne,4.5,$$ - $$$,199,"558 Little Bourke St Entrance via Merritts place, Melbourne, Victoria 3000 Australia",-37.8148972,144.9559351,180
Encore Bar and Restaurant,Restaurant,,Melbourne,4.5,$$ - $$$,210,"131 Lonsdale St, Melbourne, Victoria 3000 Australia",-37.810779,144.9685513,135
Il Duca,Restaurant,,East Melbourne,4.5,$$ - $$$,157,"132 Wellington Pde, Melbourne, Victoria 3002 Australia",-37.8162867,144.985711,242
Marion Wine Bar,Restaurant,,Fitzroy,4.5,$$ - $$$,8,"53 Gertrude St, Fitzroy, Yarra, Victoria 3065 Australia",-37.8054372,144.9758521,145
Naked for Satan,Restaurant,,Fitzroy,4.5,$$ - $$$,5,"285 Brunswick St, Fitzroy, Yarra, Victoria 3065 Australia",-37.7987495,144.977983,1244
Pier Port Melbourne,Restaurant,,Port Melbourne,4.5,$$ - $$$,220,"1 Bay St, Melbourne, Victoria 3207 Australia",-37.8428269,144.9380888,189
Pacinos Italian Family Restaurant,Restaurant,,Flemington,4.5,$$ - $$$,1,"300 Epsom Rd 300-320 Epsom Road, Ascot Vale, Moonee Valley, Victoria 3031 Australia",-37.7827318,144.9164815,240
Angus & Bon,Restaurant,,Prahran,4.5,$$ - $$$,1,"168 Greville Street, Prahran, Stonnington, Victoria 3181 Australia",-37.8496092,144.9922938,168
Nirankar Restaurant,Restaurant,,Melbourne,4.5,$$ - $$$,248,"174-176 Queen St, Melbourne, Victoria 3000 Australia",-37.814316,144.960662,189
Cherry & Twigs,Restaurant,,Melbourne,4.5,$,233,"Shop 1B 555 Flinders Lane, Melbourne, Victoria 3000 Australia",-37.8199985,144.9558061,135
Aagaman Indian Nepalese Restaurant,Restaurant,,Port Melbourne,4.5,$$ - $$$,262,"271 Bay St, Melbourne, Victoria 3207 Australia",-37.8373679,144.9428952,132
Simply Spanish QVM,Restaurant,,Melbourne,4.5,$$ - $$$,215,"513 Elizabeth St, Melbourne, Victoria 3000 Australia",-37.806738,144.9587744,210
Bangkok Jam,Restaurant,,Melbourne,4.5,$$ - $$$,205,"107 Little Bourke St, Melbourne, Victoria 3000 Australia",-37.8114817,144.9692505,100
Betty's Burgers,Restaurant,,Melbourne,4.5,$$ - $$$,185,"222 Exhibition St, Melbourne, Victoria 3000 Australia",-37.8108504,144.9694871,86
SPQR Pizzeria,Restaurant,,Melbourne,4.5,$$ - $$$,197,"26 Liverpool Street, Melbourne 3000, Melbourne, Victoria 3000 Australia",-37.8109977,144.9714065,194
Rubiras,Restaurant,,Port Melbourne,4.5,$$ - $$$,174,"192 Station St Swallows Hotel, Melbourne, Victoria 3207 Australia",-37.8327451,144.9455607,218
Metro Burger,Restaurant,,Melbourne,4.5,$,100,"12 Degraves St, Melbourne, Victoria 3000 Australia",-37.8175357,144.9660006,146
Bar Lourinha,Restaurant,,Melbourne,4.5,$$ - $$$,172,"37 Little Collins St, Melbourne, Victoria 3000 Australia",-37.8127752,144.9725022,284
Chin Chin,Restaurant,,Melbourne,4.5,$$ - $$$,162,"125 Flinders Lane, Melbourne, Victoria 3000 Australia",-37.8156575,144.9703881,6029
Izakaya Den,Restaurant,,Melbourne,4.5,$$ - $$$,173,"Basement 118 Russell St, Melbourne, Victoria 3000 Australia",-37.8135258,144.9688929,258
Matteo's,Restaurant,,Fitzroy,4.5,$$$$,1,"533 Brunswick St Melbourne, North Fitzroy, Yarra, Victoria 3068 Australia",-37.7911674,144.9794716,378
Humble Rays,Restaurant,,Carlton,4.5,$$ - $$$,267,"71 Bouverie St Carlton, Melbourne, Victoria 3053 Australia",-37.804746,144.9613987,88
Smith and Daughters,Restaurant,,Fitzroy,4.5,$$ - $$$,9,"175 Brunswick St, Fitzroy, Yarra, Victoria 3065 Australia",-37.8021978,144.9775698,388
Hunky Dory,Restaurant,,South Yarra,4.5,$,240,"670 Chapel Street Shop 17, Melbourne, Victoria 3205 Australia",-37.8373136,144.9962074,245
Gopal's Vegetarian,Restaurant,,Melbourne,4.5,$,242,"139 Swanston St, Melbourne, Victoria 3000 Australia",-37.8144115,144.965787,170
Sushi Hub Swanston,Restaurant,,Melbourne,4.5,$,196,"55 Swanston St, Melbourne, Victoria 3000 Australia",-37.8162439,144.9666518,191
Gourmet Curry Hut,Restaurant,,Melbourne,4.5,$$ - $$$,247,"318 Hub Arcade Little Collins Street, Melbourne, Victoria 3000 Australia",-37.8150564,144.9638232,175
Thirty Eight Chairs,Restaurant,,South Yarra,4.5,$$ - $$$,23,"4A Bond St, Yarra, Victoria 3141 Australia",-37.841091,144.9947988,283
The Fitz Cafe & Rooftop,Restaurant,,Fitzroy,4.5,$$ - $$$,11,"347 Brunswick St, Fitzroy, Yarra, Victoria 3065 Australia",-37.7968295,144.978491,257
Restaurant 1903,Restaurant,,Melbourne,4.5,$$ - $$$,245,"44 Spencer St Very Close to Southern Cross Railway Station, Melbourne, Victoria 3000 Australia",-37.8197072,144.9546978,155
Pinchy's,Restaurant,,Melbourne,4.5,$$ - $$$,198,"Level 1, 200 Bourke St Midcity Arcade, Melbourne, Victoria 3000 Australia",-37.812278,144.9672456,146
Agathe Patisserie,Restaurant,,South Melbourne,4.5,$,213,"64/362 Coventry Street South Melbourne Market Stall, Melbourne, Victoria 3205 Australia",-37.8333676,144.9540906,73
Claypots Barbarossa,Restaurant,,Melbourne,4.5,$$ - $$$,237,"79 Hardware Lane Melbourne CBD, Melbourne, Victoria 3000 Australia",-37.8129361,144.9608111,190
Seedling Cafe,Restaurant,,Melbourne,4.5,$$ - $$$,238,"349 Little Collins St, Melbourne, Victoria 3000 Australia",-37.8154635,144.963264,75
Vespa Rossa,Restaurant,,Melbourne,4.5,$$ - $$$,244,"30 Block Pl, Melbourne, Victoria 3000 Australia",-37.8152944,144.9644054,122
Ides,Restaurant,,Collingwood,4.5,$$$$,170,"92 Smith St, Melbourne, Victoria 3066 Australia",-37.8056159,144.9833963,129
Uncle Collins Street,Restaurant,,Melbourne,4.5,$$ - $$$,291,"15 Collins St Level 1, Melbourne, Victoria 3000 Australia",-37.8139436,144.9734554,81
Sosta Ristorante,Restaurant,,North Melbourne,4.5,$$ - $$$,283,"12 Errol Street, Melbourne, Victoria 3051 Australia",-37.8047727,144.9494952,183
Isan Soul Thai Street Food,Restaurant,,Melbourne,4.5,$$ - $$$,265,"98 Bourke St, Melbourne, Victoria 3000 Australia",-37.8119253,144.9701525,89
Oak & Vine,Restaurant,,Melbourne,4.5,$$ - $$$,276,"60 Market St, Melbourne, Victoria 3000 Australia",-37.8177409,144.9607709,108
The Bond Store,Restaurant,,Southbank,4.5,$$ - $$$,280,"1 Riverside Qy, Melbourne, Victoria 3006 Australia",-37.8217604,144.9636789,154
Transformer Fitzroy,Restaurant,,Fitzroy,4.5,$$ - $$$,12,"99 Rose Street, Fitzroy, Yarra, Victoria 3065 Australia",-37.7958713,144.979376,285
Code Black,Restaurant,,Brunswick,4.5,$$ - $$$,3,"15-17 Weston St, Brunswick, Moreland, Victoria 3056 Australia",-37.774643,144.962468,187
Bistro Gitan,Restaurant,,South Yarra,4.5,$$ - $$$,2,"52 Toorak Rd West, South Yarra, Victoria 3141 Australia",-37.8372567,144.9791898,268
Saporito Taquito,Restaurant,,St Kilda,4.5,$$ - $$$,264,"163 Inkerman St Unit 211, Melbourne, Victoria 3182 Australia",-37.8652617,144.9882446,96
Esca Grill,Restaurant,,Moonee Ponds,4.5,$$$$,1,"650 Mt Alexander Rd, Moonee Ponds, Moonee Valley, Victoria 3039 Australia",-37.7701142,144.9262505,345
Milk the Cow (Carlton),Restaurant,,Carlton,4.5,$$ - $$$,161,"323 Lygon St, Melbourne, Victoria 3053 Australia",-37.7977617,144.9671298,152
Peko Peko,Restaurant,,South Melbourne,4.5,$,223,"190 Wells St, Melbourne, Victoria 3205 Australia",-37.8318959,144.9697248,208
Journeyman,Restaurant,,Windsor,4.5,$$ - $$$,3,"169 Chapel St, Windsor, Stonnington, Victoria 3181 Australia",-37.8522281,144.9931599,203
Square & Compass,Restaurant,,South Melbourne,4.5,$$ - $$$,290,"222 Clarendon Street, Melbourne, Victoria Australia",-37.831345,144.9595415,113
Rumi Brunswick,Restaurant,,Brunswick,4.5,$$ - $$$,1,"116 Lygon St, Brunswick East, Moreland, Victoria 3057 Australia",-37.7747572,144.9713634,265
Spicy Korea,Restaurant,,Melbourne,4.5,$,296,"U 1 601 Little Collins St, Melbourne, Victoria 3000 Australia",-37.817833,144.954844,72
Nine Elephants,Restaurant,,Docklands,4.5,$$ - $$$,279,"67 Village St Docklands, Melbourne, Victoria 3008 Australia",-37.8191771,144.9493398,145
La Petite Creperie,Restaurant,,Melbourne,4.5,$,294,"125 Swanston St Opposite Melbourne Town Hall, Melbourne, Victoria Australia",-37.8147118,144.9659326,155
Lord Cardigan,Restaurant,,Albert Park,4.5,$$ - $$$,278,"59 Cardigan Pl, Melbourne, Victoria 3206 Australia",-37.841112,144.953165,114
Indian Palace Restaurant,Restaurant,,Brighton,4.5,$$ - $$$,4,"131 Church St, Brighton, Bayside, Victoria 3186 Australia",-37.9155079,144.9964578,153
Anada,Restaurant,,Fitzroy,4.5,$$ - $$$,17,"197 Gertrude St, Fitzroy, Yarra, Victoria 3065 Australia",-37.8058992,144.9811875,219
Crossways Restaurant,Restaurant,,Melbourne,4.5,$,297,"309-325 Bourke St, Melbourne, Victoria 3000 Australia",-37.8148564,144.9646254,104
Le Petite Bourke,Restaurant,,Melbourne,4.5,$$ - $$$,275,"24 Little Bourke St, Melbourne, Victoria 3000 Australia",-37.8105773,144.9715163,130
Donnini's Restaurant,Restaurant,,Carlton,4.5,$$ - $$$,152,"320 Lygon St Carlton, Melbourne, Victoria 3053 Australia",-37.7995334,144.9675481,297
City Wine Shop,Restaurant,,Melbourne,4.5,$$ - $$$,212,"159 Spring St, Melbourne, Victoria 3000 Australia",-37.8109568,144.9724344,255
Rock Paper Scissors,Restaurant,,Port Melbourne,4.5,$$ - $$$,260,"136-138 Rouse St, Melbourne, Victoria 3207 Australia",-37.8421644,144.9399743,76
Ricardo's Trattoria,Restaurant,,Albert Park,4.5,$$ - $$$,1,"99 Dundas Pl, Albert Park, Port Phillip, Victoria 3206 Australia",-37.841266,144.9551965,176
Lune Croissanterie,Restaurant,,Melbourne,4.5,$,221,"161 Collins St Shop 16, Enter via Russell Street, Melbourne, Victoria 3000 Australia",-37.815369,144.9689556,156
Mjolner,Restaurant,,Melbourne,4.5,$$$$,195,"106 Hardware St, Melbourne, Victoria 3000 Australia",-37.8122248,144.9606867,136
Koko Black,Restaurant,,Carlton,4.5,$$ - $$$,312,"167 Lygon St, Melbourne, Victoria 3053 Australia",-37.8018009,144.9665446,187
Le Petit Gateau,Restaurant,,Melbourne,4.5,$$ - $$$,315,"458 Little Collins St, Melbourne, Victoria 3000 Australia",-37.8162435,144.9596107,76
The Lady Of St Kilda,Restaurant,,St Kilda,4.5,$$ - $$$,17,"204 Barkly St Corner Smith Street, St Kilda, Port Phillip, Victoria 3182 Australia",-37.8698868,144.9808593,53
ShanDong MaMa mini,Restaurant,,Melbourne,4.5,$,302,"5 Centre Pl, Melbourne, Victoria 3000 Australia",-37.8167124,144.9655554,63
Tokyo Tina,Restaurant,,Windsor,4.5,$$ - $$$,6,"66A Chapel St, Windsor, Stonnington, Victoria 3181 Australia",-37.8554363,144.9928852,202
Viet Kitchen,Restaurant,,Footscray,4.5,$,1,"110 Hopkins St, Footscray, Maribyrnong, Victoria 3011 Australia",-37.7997947,144.9016738,130
The Abyssinian,Restaurant,,Kensington,4.5,$$ - $$$,187,"277 Racecourse Rd, Melbourne, Victoria 3031 Australia",-37.7886579,144.9318266,113
Blue Chillies,Restaurant,,Fitzroy,4.5,$$ - $$$,16,"182 Brunswick St, Fitzroy, Yarra, Victoria 3065 Australia",-37.8020795,144.9780303,145
Gimlet At Cavendish House,Restaurant,,Melbourne,4.5,$$$$,208,"33 Russell St, Melbourne, Victoria 3000 Australia",-37.8150205,144.9689304,104
Pascale Bar & Grill,Restaurant,,Melbourne,4.5,$$$$,284,"133 Russell St Level 1, Melbourne, Victoria 3000 Australia",-37.8133398,144.9681516,161
Sunda,Restaurant,,Melbourne,4.5,$$ - $$$,253,"18 Punch lane, Melbourne, Victoria 3000 Australia",-37.8104499,144.9710999,111
Dip In Cafe,Restaurant,,Melbourne,4.5,$$ - $$$,314,"20-22 McKillop St, Melbourne, Victoria 3000 Australia",-37.815111,144.9618289,100
Steer Dining Room,Restaurant,,South Yarra,4.5,$$ - $$$,298,"15 Claremont St, Melbourne, Victoria 3141 Australia",-37.8375986,144.9936642,76
Walkers Doughnuts,Restaurant,,Melbourne,4.5,$,324,"26/2 Elizabeth St, Melbourne, Victoria 3000 Australia",-37.817872,144.9651205,127
Chez Olivier,Restaurant,,South Yarra,4.5,$$ - $$$,1,"268 Toorak Rd, South Yarra, Victoria 3141 Australia",-37.8397261,144.9962375,356
Boosa,Restaurant,,Bentleigh,4.5,$$ - $$$,2,"716 Centre Rd, Bentleigh, Glen Eira, Victoria 3165 Australia",-37.9212107,145.0579728,97
Bibelot,Restaurant,,South Melbourne,4.5,$$ - $$$,293,"285-287 Coventry St, Melbourne, Victoria 3205 Australia",-37.8326873,144.9582451,80
Corner & Bench,Restaurant,,Melbourne,4.5,$,346,"408 Bourke St, Melbourne, Victoria 3000 Australia",-37.814514,144.961545,86
Saporito Cafe Bar & Grill,Restaurant,,Southbank,4.5,$$ - $$$,352,"12-16 Kavanagh St, Melbourne, Victoria 3006 Australia",-37.8227778,144.9663889,71
Black Pearl Bar,Restaurant,,Fitzroy,4.5,$$ - $$$,338,"304 Brunswick Street, Melbourne, Victoria Fitzroy Australia",-37.7980502,144.978649,68
Hurricane Handsome,Restaurant,,Port Melbourne,4.5,$$ - $$$,341,"329-331 Bay St, Melbourne, Victoria 3207 Australia",-37.836072,144.9443617,89
Yeonga Korean BBQ,Restaurant,,North Melbourne,4.5,$$ - $$$,344,"1-3 Cobden St, Melbourne, Victoria 3051 Australia",-37.8056217,144.9569746,76
The Crux & Co,Restaurant,,South Melbourne,4.5,$$ - $$$,331,"35 Albert Rd G01, Melbourne, Victoria 3004 Australia",-37.8346504,144.9719727,100
Phancy Cafe,Restaurant,,Melbourne,4.5,$$ - $$$,340,"408 Queen St, Melbourne, Victoria 3000 Australia",-37.8090951,144.9582269,93
George Street Cafe,Restaurant,,East Melbourne,4.5,$$ - $$$,332,"65 George St, Melbourne, Victoria 3002 Australia",-37.8157035,144.9881413,66
Lemnos Tavern,Restaurant,,Prahran,4.5,$$ - $$$,4,"445 High St, Prahran, Stonnington, Victoria 3181 Australia",-37.8529833,145.0032647,113
Moroccan Soup Bar,Restaurant,,Fitzroy,4.5,$,2,"183 St Georges Rd, North Fitzroy, Yarra, Victoria 3068 Australia",-37.7848457,144.9822432,218
Carosello,Restaurant,,Moonee Ponds,4.5,$$ - $$$,2,"22 Margaret St, Moonee Ponds, Moonee Valley, Victoria 3039 Australia",-37.7658646,144.9197937,88
La Roche,Restaurant,,St Kilda,4.5,$$ - $$$,13,"185 Acland St, St Kilda, Port Phillip, Victoria 3182 Australia",-37.8695632,144.980341,325
Mr Huang Jin,Restaurant,,Melbourne,4.5,$$ - $$$,227,"24 Katherine Pl Plaza Level, Rialto Towers, Melbourne, Victoria 3000 Australia",-37.8197681,144.9564472,96
Andrew's Hamburgers,Restaurant,,Albert Park,4.5,$,249,"144 Bridport St, Melbourne, Victoria 3206 Australia",-37.8406353,144.9552576,169
Kiwi Fish & Chips,Restaurant,,East Melbourne,4.5,$$ - $$$,382,"412-422 Victoria Pde Shop 9B, Melbourne, Victoria 3002 Australia",-37.8096207,144.9852731,89
Claypots Evening Star,Restaurant,,South Melbourne,4.5,$$ - $$$,372,"Corner Cecil and York Streets South Melbourne Market, Melbourne, Victoria 3205 Australia",-37.8320111,144.9559391,137
Saxe,Restaurant,,Melbourne,4.5,$$ - $$$,379,"211 Queen St, Melbourne, Victoria 3000 Australia",-37.8138276,144.9599037,52
Little Africa,Restaurant,,North Melbourne,4.5,$$ - $$$,362,"358 Victoria St, Melbourne, Victoria 3051 Australia",-37.805493,144.954298,58
A25 Pizzeria CBD,Restaurant,,Melbourne,4.5,$$ - $$$,363,"Taylors College 399 Lonsdale St, Melbourne, Victoria 3000 Australia",-37.8129395,144.9606336,77
Hooks At The Yarra,Restaurant,,Docklands,4.5,$$ - $$$,390,"Yarra's Edge 50 River Esp Docklands, Melbourne, Victoria 3008 Australia",-37.8245546,144.9476398,130
Khao San Road,Restaurant,,Moonee Ponds,4.5,$$ - $$$,5,"696 Mt Alexander Rd, Moonee Ponds, Moonee Valley, Victoria 3039 Australia",-37.768646,144.9256996,114
Naked in the Sky,Restaurant,,Fitzroy,4.5,$$ - $$$,20,"285 Brunswick St, Fitzroy, Yarra, Victoria 3065 Australia",-37.7987495,144.977983,130
Bahari the Hellenic Palate,Restaurant,,Richmond,4.5,$$ - $$$,9,"179 Swan St, Richmond, Yarra, Victoria 3121 Australia",-37.8255411,144.997569,147
Spring Street Grocer Cafe,Restaurant,,Melbourne,4.5,$$ - $$$,305,"157 Spring St, Melbourne, Victoria 3000 Australia",-37.8110352,144.9724451,96
Franco-Belge,Restaurant,,Hawthorn,4.5,$$ - $$$,377,"9 Evans Place, Hawthorn East, Melbourne, Victoria 3123 Australia",-37.8300862,145.0557944,74
French Saloon,Restaurant,,Melbourne,4.5,$$$$,370,"46 Hardware Lane First Floor, Melbourne, Victoria 3000 Australia",-37.8136215,144.9612837,92
The League of Honest Coffee,Restaurant,,Melbourne,4.5,$$ - $$$,386,"8 Exploration Lane, Melbourne, Victoria 3000 Australia",-37.8086754,144.9686316,94
Hot Poppy,Restaurant,,North Melbourne,4.5,$$ - $$$,364,"9 Errol St, Melbourne, Victoria 3051 Australia",-37.8047964,144.9491014,74
Bratwurst Shop & Co,Restaurant,,Melbourne,4.5,$,388,"Therry St. Queen Victoria Market Shop 99-100, Melbourne, Victoria 3000 Australia",-37.8074336,144.9577918,73
Rocket Burger & Fries,Restaurant,,Melbourne,4.5,$,321,"Cnr Flinders & Elizabeth Streets 26 Elizabeth St, Melbourne, Victoria 3000 Australia",-37.81739,144.964902,131
Chiba Japanese Restaurant,Restaurant,,Moonee Ponds,4.5,$$ - $$$,4,"41 Hall St, Moonee Ponds, Moonee Valley, Victoria 3039 Australia",-37.7662302,144.9217422,185
Salona Restaurant,Restaurant,,Richmond,4.5,$$ - $$$,351,"260A Swan Street, Richmond, Melbourne, Victoria 3121 Australia",-37.8259347,144.9990046,126
Shakahari too,Restaurant,,South Melbourne,4.5,$$ - $$$,355,"225 Clarendon St, Melbourne, Victoria 3205 Australia",-37.8311978,144.9600442,89
Aix Cafe,Restaurant,,Melbourne,4.5,$,358,"24 Centre Pl, Melbourne, Victoria 3000 Australia",-37.8164476,144.9655061,85
Cochin Wine Bar & Restaurant,Restaurant,,Richmond,4.5,$$ - $$$,10,"256 Swan St, Richmond, Yarra, Victoria 3121 Australia",-37.8259308,144.9988142,118
The Tippler & Co,Restaurant,,East Melbourne,4.5,$$ - $$$,336,"58 Wellington Pde, Melbourne, Victoria 3002 Australia",-37.8165595,144.9882328,121
Pretty Boy Italian Steakhouse,Restaurant,,Melbourne,4.5,$$ - $$$,348,"399 Little Lonsdale Street Level 1, Melbourne, Victoria 3000 Australia",-37.8119675,144.9600506,73
Little Tommy Tucker Cafe,Restaurant,,Bentleigh,4.5,$$ - $$$,4,"432 Centre Rd, Bentleigh, Glen Eira, Victoria 3204 Australia",-37.9185909,145.0380118,153
Lentil As Anything St Kilda,Restaurant,,St Kilda,4.5,$,14,"41 Blessington St, St Kilda, Port Phillip, Victoria 3182 Australia",-37.870424,144.981019,219
Pud Thai vs Pho,Restaurant,,Docklands,4.5,$,347,"60 Siddeley St, Melbourne, Victoria 3008 Australia",-37.822633,144.9525221,103
Swaad India's Zest,Restaurant,,Bentleigh,4.5,$$ - $$$,3,"Shop 9 271-275 Centre Rd, Bentleigh, Glen Eira, Victoria 3204 Australia",-37.91759,145.032872,81
Cafe Keyif,Restaurant,,Melbourne,4.5,$$ - $$$,343,"U 1 550 Flinders St Entry Through Downie Street, Melbourne, Victoria 3000 Australia",-37.8203662,144.9559713,138
Brighton Soul,Restaurant,,Brighton,4.5,$,5,"129 Church Street, Brighton, Bayside, Victoria 3186 Australia",-37.9154701,144.9964167,131
Bistro La Provence,Restaurant,,Brighton,4.5,$$ - $$$,6,"234 Esplanade, Brighton, Bayside, Victoria 3186 Australia",-37.909576,144.986605,146
Paper Plate Restaurant,Restaurant,,Richmond,4.5,$$ - $$$,12,"318 Bridge Rd, Richmond, Yarra, Victoria 3121 Australia",-37.8190496,145.0018873,65
Archie's All Day,Restaurant,,Fitzroy,4.5,$$ - $$$,18,"189 Gertrude St, Fitzroy, Yarra, Victoria 3065 Australia",-37.8058349,144.9809637,162
Sapa Hills Restaurant,Restaurant,,Footscray,4.5,$$ - $$$,2,"112 Hopkins St, Footscray, Maribyrnong, Victoria 3011 Australia",-37.7997875,144.9016249,196
American Doughnut Kitchen,Restaurant,,Melbourne,4.5,$,374,"Queen St, Melbourne, Victoria 3000 Australia",-37.8127603,144.9597505,100
Sir Charles,Restaurant,,Fitzroy,4.5,$$ - $$$,14,"121 Johnston St, Fitzroy, Yarra, Victoria 3065 Australia",-37.7980866,144.9789318,133
Mediterraneo Charcoal Restaurant,Restaurant,,Albert Park,4.5,$$ - $$$,3,"116 Bridport St, Albert Park, Port Phillip, Victoria 3206 Australia",-37.840346,144.956354,171
The Point Restaurant,Restaurant,,Albert Park,4.5,$$$$,4,"Aquatic Drive Albert Park Lake, Albert Park, Port Phillip, Victoria 3206 Australia",-37.8402927,144.9665827,242
Massi,Restaurant,,Melbourne,4.5,$$ - $$$,320,"445 Little Collins St, Melbourne, Victoria 3000 Australia",-37.8164214,144.9598979,83
Little Cupcakes,Restaurant,,Melbourne,4.5,$,398,"Shop 6/181 William St, Goldsborough Lane, Melbourne, Victoria 3000 Australia",-37.8151891,144.9575872,127
Hawker Boys,Restaurant,,Melbourne,4.5,$,399,"85 Hardware Lane, Melbourne, Victoria 3000 Australia",-37.8129421,144.9608214,70
Carlton Curry House,Restaurant,,Carlton,4.5,$$ - $$$,400,"108 Lygon St, Melbourne, Victoria 3053 Australia",-37.8045283,144.9665899,204
Anchovy,Restaurant,,Richmond,4.5,$$ - $$$,11,"338 Bridge Rd, Richmond, Yarra, Victoria 3121 Australia",-37.819114,145.0026469,93
Sons of Mary,Restaurant,,Brighton,4.5,$$ - $$$,2,"14 Spink St, Brighton, Bayside, Victoria 3186 Australia",-37.8979181,145.0043784,233
Atrium Bar On 35,Restaurant,,Melbourne,4.5,$$$$,421,"25 Collins St, Melbourne, Victoria 3000 Australia",-37.8139461,144.9734456,83
Sakura Kaiten,Restaurant,,Melbourne,4.5,$$ - $$$,361,"60 Little Collins St, Melbourne, Victoria 3000 Australia",-37.8125766,144.9722299,132
Jungle Juice Bar,Restaurant,,Melbourne,4.5,$,393,"20 Centre Pl, Melbourne, Victoria 3000 Australia",-37.816712,144.965643,78
Atta Restaurant,Restaurant,,Albert Park,4.5,$$ - $$$,2,"159-161 Victoria Ave Melbourne, Albert Park, Port Phillip, Victoria 3206 Australia",-37.8467327,144.9495491,102
Park Street Pasta & Wine,Restaurant,,South Melbourne,4.5,$$ - $$$,443,"268 Park St South Melbourne, Melbourne, Victoria 3205 Australia",-37.8354504,144.9600758,91
Bella Cosi,Restaurant,,Port Melbourne,4.5,$$ - $$$,446,"71 Beach St, Melbourne, Victoria 3207 Australia",-37.841809,144.9361572,71
At Ease - Easy Thai,Restaurant,,Melbourne,4.5,$,437,"195 Lonsdale St, Melbourne, Victoria 3000 Australia",-37.8112475,144.966626,75
Lolo and Wren,Restaurant,,Brunswick,4.5,$$ - $$$,436,"484 Albion St West Brunswick, Melbourne, Victoria Australia",-37.7581897,144.939775,84
Thai city,Restaurant,,Carlton,4.5,$$ - $$$,438,"124 Lygon Street Carlton, Melbourne, Victoria 3000 Australia",-37.804155,144.96665,72
Foglia di Fico,Restaurant,,Melbourne,5,$$ - $$$,3,"585 La Trobe St (Spencer St entrance), Melbourne, Victoria 3000 Australia",-37.8133556,144.9519345,202
David's Master Pot (Elizabeth St - CBD),Restaurant,,Melbourne,5,$$ - $$$,21,"462 Elizabeth St, Melbourne, Victoria 3000 Australia",-37.8078645,144.9606099,140
Scopri,Restaurant,,Carlton,5,$$ - $$$,1,"191 Nicholson St Carlton, Melbourne, Victoria 3053 Australia",-37.7956862,144.975082,1049
Caterina's Cucina E Bar,Restaurant,,Melbourne,5,$$ - $$$,85,"221 Queen St, Melbourne, Victoria 3000 Australia",-37.8134202,144.9597956,111
Ginger Olive Restaurant and Grill,Restaurant,,Melbourne,5,$$ - $$$,164,"U 2 38 Manchester Lane Corner Manchester Lane and Flinders Lane, Melbourne, Victoria 3000 Australia",-37.8164935,144.9662126,80
La Cucina Di Sandra,Restaurant,,Richmond,5,$$ - $$$,5,"62 Lyndhurst St Warehouse 62, Richmond, Yarra, Victoria 3121 Australia",-37.8208416,144.9998269,73
Giro d'Italia,Restaurant,,Melbourne,5,$$ - $$$,74,"401 Saint Kida Road, Melbourne, Victoria 3000 Australia",-37.8356864,144.975968,84
3 Brothersss Indian Restaurant,Restaurant,,Melbourne,5,$$ - $$$,228,"513 Elizabeth St Queen Victoria Market, Melbourne, Victoria 3000 Australia",-37.8075798,144.956785,41
Ish Restaurant,Restaurant,,Fitzroy,5,$$ - $$$,15,"199 Gertrude St, Fitzroy, Yarra, Victoria 3065 Australia",-37.8058632,144.981242,62
Ten Square Cafe,Restaurant,,Melbourne,5,$$ - $$$,214,"120 Hardware St, Melbourne, Victoria 3000 Australia",-37.8119947,144.9605646,64
Kekou,Restaurant,,Richmond,5,$$ - $$$,7,"396 Bridge Road, Richmond, Yarra, Victoria 3121 Australia",-37.8193325,145.0046839,64
The Hardware Club,Restaurant,,Melbourne,5,$$ - $$$,218,"43 Hardware Lane, Melbourne, Victoria 3000 Australia",-37.8135355,144.961148,57
Tokui Sushi,Restaurant,,Melbourne,5,$,429,"260 Lonsdale St, Melbourne, Victoria 3000 Australia",-37.8114983,144.9643991,50
Metropolitan Fire Brigade (MFB),Community Use,Fire Station,East Melbourne,,,,,-37.80923186,144.9752476,
Koorie Heritage Trust Inc,Place Of Assembly,Art Gallery/Museum,Melbourne,,,,,-37.81338543,144.9540279,
RMIT University,Education Centre,Tertiary (University),Melbourne,,,,,-37.80807954,144.964453,
Macarthur Square,Leisure/Recreation,Informal Outdoor Facility (Park/Garden/Reserve),Carlton,,,,,-37.79833187,144.9715141,
North Melbourne Railway Station,Transport,Railway Station,West Melbourne,,,,,-37.80738236,144.9424298,
Cooks' Cottage,Place Of Assembly,Art Gallery/Museum,East Melbourne,,,,,-37.81446049,144.9794713,
Royal Exhibition Building,Place Of Assembly,Art Gallery/Museum,Carlton,,,,,-37.80460262,144.9715219,
Melbourne Childrens Court,Community Use,Public Buildings,Melbourne,,,,,-37.81250776,144.9582989,
Eureka Skydeck 88,Leisure/Recreation,Observation Tower/Wheel,Southbank,,,,,-37.82161876,144.9646222,
County Court Melbourne,Community Use,Public Buildings,Melbourne,,,,,-37.81320116,144.9577342,
Epworth Freemasons Hospital,Health Services,Private Hospital,East Melbourne,,,,,-37.81097107,144.9837001,
Church of Christ,Place of Worship,Church,Melbourne,,,,,-37.81045241,144.9638892,
Holy Trinity,Place of Worship,Church,East Melbourne,,,,,-37.81406671,144.9831973,
Holy Rosary,Place of Worship,Church,Kensington,,,,,-37.79480874,144.9283621,
Victoria Police,Community Use,Police Station,Docklands,,,,,-37.82197739,144.953398,
Old Melbourne Gaol Crime & Justice Experience,Place Of Assembly,Art Gallery/Museum,Melbourne,,,,,-37.80776441,144.9654639,
Melbourne Exhibition Centre,Place Of Assembly,Function/Conference/Exhibition Centre,South Wharf,,,,,-37.82524551,144.9543524,
MTC Theatre,Place Of Assembly,Theatre Live,Southbank,,,,,-37.82426618,144.9681744,
Shrine of Rembrance Reserve,Leisure/Recreation,Informal Outdoor Facility (Park/Garden/Reserve),Melbourne,,,,,-37.8320734,144.9736284,
Icehouse,Leisure/Recreation,Indoor Recreation Facility,Docklands,,,,,-37.81218812,144.935684,
Parliament Railway Station,Transport,Railway Station,Melbourne,,,,,-37.81276211,144.9734338,
Flemington Racecourse Railway Station,Transport,Railway Station,Flemington,,,,,-37.78691058,144.9081907,
Carlton Baths,Leisure/Recreation,Indoor Recreation Facility,Carlton,,,,,-37.7934377,144.9716965,
Dallas Brooks Centre,Place Of Assembly,Function/Conference/Exhibition Centre,East Melbourne,,,,,-37.80973741,144.9813834,
St James Church,Place of Worship,Church,West Melbourne,,,,,-37.81012812,144.9524686,
St Michael's Uniting Church,Place of Worship,Church,Melbourne,,,,,-37.81438513,144.969174,
East Melbourne Synagogue,Place of Worship,Synagogue,East Melbourne,,,,,-37.80911373,144.9742219,
Flemington Racecourse,Leisure/Recreation,Major Sports & Recreation Facility,Flemington,,,,,-37.79080826,144.912143,
Treasury Gardens,Leisure/Recreation,Informal Outdoor Facility (Park/Garden/Reserve),East Melbourne,,,,,-37.81439936,144.9759523,
Melbourne Magistrates Court,Community Use,Government Building,Melbourne,,,,,-37.81361477,144.9568462,
Melbourne Cricket Ground (MCG),Leisure/Recreation,Major Sports & Recreation Facility,East Melbourne,,,,,-37.81949216,144.9834029,
Melbourne International Karting Complex,Vacant Land,Vacant Land - Undeveloped Site,Port Melbourne,,,,,-37.83107464,144.9138229,
St Patricks Cathedral,Place of Worship,Church,East Melbourne,,,,,-37.8101141,144.9759015,
Parliament House,Office,Office,East Melbourne,,,,,-37.81124666,144.9737264,
Former Royal Mint,Office,Office,Melbourne,,,,,-37.81218387,144.9570555,
Queen Victoria Gardens,Leisure/Recreation,Informal Outdoor Facility (Park/Garden/Reserve),Melbourne,,,,,-37.82163812,144.9710495,
New Quay,Leisure/Recreation,Informal Outdoor Facility (Park/Garden/Reserve),Docklands,,,,,-37.81521788,144.9416179,
Central City Studios,Purpose Built,Film & RV Studio,Docklands,,,,,-37.81423185,144.9356553,
New Quay Marina,Transport,Marina,Docklands,,,,,-37.81529255,144.9422837,
Rod Laver Arena,Leisure/Recreation,Major Sports & Recreation Facility,East Melbourne,,,,,-37.82204561,144.9784872,
Melbourne Park,Leisure/Recreation,Major Sports & Recreation Facility,East Melbourne,,,,,-37.8209086,144.9787358,
Hisense Arena,Leisure/Recreation,Major Sports & Recreation Facility,Melbourne,,,,,-37.82311,144.9818348,
Melbourne Museum,Place Of Assembly,Art Gallery/Museum,Carlton,,,,,-37.80355181,144.9716907,
Elisabeth Murdoch Hall,Community Use,Public Buildings,Southbank,,,,,-37.82397337,144.967451,
Melbourne Recital Centre,Community Use,Public Buildings,Southbank,,,,,-37.82383279,144.9676827,
Hamer Hall,Place Of Assembly,Theatre Live,Melbourne,,,,,-37.8199901,144.9679921,
Royal Park Railway Station,Transport,Railway Station,Parkville,,,,,-37.78126843,144.9516678,
Flagstaff Railway Station,Transport,Railway Station,Melbourne,,,,,-37.81163844,144.9561187,
Athanaeum Theatre,Place Of Assembly,Theatre Live,Melbourne,,,,,-37.81495435,144.9673225,
Her Majesty's Theatre,Place Of Assembly,Theatre Live,Melbourne,,,,,-37.81099756,144.9695202,
Flinders Street Railway Station,Transport,Railway Station,Melbourne,,,,,-37.8179063,144.9670648,
Sandridge Rail Bridge,Leisure/Recreation,Informal Outdoor Facility (Park/Garden/Reserve),Melbourne,,,,,-37.8201763,144.9629811,
The Museum Of Australian Chinese History,Place Of Assembly,Art Gallery/Museum,Melbourne,,,,,-37.81076861,144.9692339,
All Nations Uniting Church,Place of Worship,Church,Carlton,,,,,-37.79591553,144.9689811,
Royal Park Golf Course,Leisure/Recreation,Private Sports Club/Facility,Parkville,,,,,-37.78191713,144.9563091,
Sidney Myer Music Bowl,Community Use,Public Buildings,Melbourne,,,,,-37.82334716,144.9746862,
Harbour Town,Vacant Land,Current Construction Site,Docklands,,,,,-37.81392563,144.9381238,
Melbourne Star Observation Wheel,Leisure/Recreation,Observation Tower/Wheel,Docklands,,,,,-37.81161637,144.9375889,
Birrarung Marr,Leisure/Recreation,Informal Outdoor Facility (Park/Garden/Reserve),Melbourne,,,,,-37.81806108,144.9731467,
Artplay,Leisure/Recreation,Indoor Recreation Facility,Melbourne,,,,,-37.81841988,144.9715426,
Parliament Railway Station,Transport,Railway Station,East Melbourne,,,,,-37.80957622,144.9723301,
Immigration Museum,Place Of Assembly,Art Gallery/Museum,Melbourne,,,,,-37.81917988,144.9604268,
Fire Services Museum Victoria,Place Of Assembly,Art Gallery/Museum,East Melbourne,,,,,-37.80857613,144.9753737,
North Melbourne Recreation Centre (Aquatic),Leisure/Recreation,Major Sports & Recreation Facility,North Melbourne,,,,,-37.799947,144.9432908,
Eureka Tower,Mixed Use,Retail/Residential,Southbank,,,,,-37.82151575,144.9644567,
Welsh Presbyterian Church,Place of Worship,Church,Melbourne,,,,,-37.81044788,144.9598733,
Lutheran Trinity Church,Place of Worship,Church,East Melbourne,,,,,-37.81097571,144.9757295,
St Johns Lutheran Church,Place of Worship,Church,Southbank,,,,,-37.82093997,144.9671211,
Victoria Police,Community Use,Police Station,Melbourne,,,,,-37.8164849,144.9664868,
State Netball Hockey Centre,Leisure/Recreation,Major Sports & Recreation Facility,Parkville,,,,,-37.785786,144.947581,
University Square,Leisure/Recreation,Informal Outdoor Facility (Park/Garden/Reserve),Carlton,,,,,-37.80041071,144.9603983,
Melbourne General Cemetery,Community Use,Cemetery,Carlton North,,,,,-37.789189,144.965786,
Wesley College,Education Centre,School - Primary and Secondary Education,Melbourne,,,,,-37.84852018,144.9822278,
Southern Cross Railway Station,Transport,Railway Station,Docklands,,,,,-37.81816331,144.9529447,
Princess Theatre,Place Of Assembly,Theatre Live,Melbourne,,,,,-37.81072571,144.9723266,
University High School,Education Centre,Secondary Schools,Parkville,,,,,-37.79731362,144.9560344,
Melbourne Zoo,Leisure/Recreation,"Outdoor Recreation Facility (Zoo, Golf Course)",Parkville,,,,,-37.78444493,144.9513712,
Malthouse Theatre,Place Of Assembly,Theatre Live,Southbank,,,,,-37.8271768,144.9669368,
Thoroughbred Racing Gallery,Place Of Assembly,Art Gallery/Museum,East Melbourne,,,,,-37.81886627,144.9839701,
Docklands Park,Leisure/Recreation,Informal Outdoor Facility (Park/Garden/Reserve),Docklands,,,,,-37.82099568,144.9467817,
Waterfront City,Mixed Use,Retail/Office,Docklands,,,,,-37.81505666,144.9391369,
Point Park,Leisure/Recreation,Informal Outdoor Facility (Park/Garden/Reserve),Docklands,,,,,-37.82335227,144.9421023,
Melbourne Theatre Company,Community Use,Public Buildings,Southbank,,,,,-37.82393038,144.9682974,
Alexandra Gardens,Leisure/Recreation,Informal Outdoor Facility (Park/Garden/Reserve),Melbourne,,,,,-37.82060514,144.9717961,
Jolimont-MCG Railway Station (East Melbourne) - Train stop,Transport,Railway Station,East Melbourne,,,,,-37.81656518,144.983641,
Shrine of Remembrance,Community Use,Public Buildings,Melbourne,,,,,-37.830208,144.9734419,
Newmarket Railway Station,Transport,Railway Station,Flemington,,,,,-37.78727262,144.92906,
Carlton Courthouse Theatre,Place Of Assembly,Theatre Live,Carlton,,,,,-37.79765899,144.9687501,
Melbourne Showgrounds,Leisure/Recreation,"Outdoor Recreation Facility (Zoo, Golf Course)",Flemington,,,,,-37.78230979,144.9108221,
Kraft,Industrial,Industrial (Manufacturing),Port Melbourne,,,,,-37.82623131,144.9234757,
"Melbourne Wholesale Fruit, Vegetable & Flower Market",Mixed Use,Retail/Office/Carpark,West Melbourne,,,,,-37.80687252,144.9232874,
Melbourne Central,Mixed Use,Retail/Office/Carpark,Melbourne,,,,,-37.81053718,144.9627497,
Piazza Italia,Leisure/Recreation,Informal Outdoor Facility (Park/Garden/Reserve),Carlton,,,,,-37.80251642,144.9658631,
Murchinson Square,Leisure/Recreation,Informal Outdoor Facility (Park/Garden/Reserve),Carlton,,,,,-37.8002735,144.9730593,
Melbourne Aquarium,Purpose Built,Aquarium,Melbourne,,,,,-37.82096278,144.9584257,
Myer,Retail,Department Store,Melbourne,,,,,-37.8135912,144.9638551,
Railway Good Shed No 2,Vacant Land,Current Construction Site - Commercial,Docklands,,,,,-37.82113713,144.9513789,
Parliament Railway Station,Transport,Railway Station,Melbourne,,,,,-37.81160618,144.9730173,
North Melbourne Recreation Reserve,Leisure/Recreation,Informal Outdoor Facility (Park/Garden/Reserve),North Melbourne,,,,,-37.79883453,144.9414521,
Princes Park,Leisure/Recreation,Informal Outdoor Facility (Park/Garden/Reserve),Carlton North,,,,,-37.78701617,144.9611152,
Donor Tissue Bank of Victoria,Office,Office,Southbank,,,,,-37.82482319,144.965169,
Melbourne Central Railway Station,Transport,Railway Station,Melbourne,,,,,-37.8100167,144.9637893,
Argyle Square,Leisure/Recreation,Informal Outdoor Facility (Park/Garden/Reserve),Carlton,,,,,-37.80314806,144.9657613,
Westpac Centre,Leisure/Recreation,Major Sports & Recreation Facility,Melbourne,,,,,-37.82424569,144.9797203,
Melbourne Girls Grammar School,Education Centre,School - Primary and Secondary Education,South Yarra,,,,,-37.83153645,144.9850894,
Mercy Private Hospital,Health Services,Medical Services,East Melbourne,,,,,-37.81189681,144.9844357,
St Francis Church,Place of Worship,Church,Melbourne,,,,,-37.81188478,144.9624226,
Greek Orthodox Church,Place of Worship,Church,East Melbourne,,,,,-37.80880647,144.9782591,
North Melbourne Uniting,Place of Worship,Church,North Melbourne,,,,,-37.80355385,144.9476715,
Carlton Gardens North,Leisure/Recreation,Informal Outdoor Facility (Park/Garden/Reserve),Carlton,,,,,-37.80176908,144.9719976,
Treasury Reserve,Mixed Use,Retail/Office,East Melbourne,,,,,-37.81291788,144.9752368,
The Mission To Seafarers Victoria,Specialist Residential Accommodation,Hostel,Docklands,,,,,-37.8224996,144.9512548,
Wonderland Park,Leisure/Recreation,"Outdoor Recreation Facility (Zoo, Golf Course)",Docklands,,,,,-37.81169454,144.9368337,
State Coroners Office,Office,Office,Southbank,,,,,-37.82449822,144.9646753,
Fawkner Park,Leisure/Recreation,Informal Outdoor Facility (Park/Garden/Reserve),Melbourne,,,,,-37.84139967,144.9816257,
BIO 21 Institute,Education Centre,Tertiary (University),Parkville,,,,,-37.79787433,144.9537803,
Enterprize Park,Leisure/Recreation,Informal Outdoor Facility (Park/Garden/Reserve),Melbourne,,,,,-37.82021027,144.9592769,
Royal Melbourne Hospital,Health Services,Public Hospital,Parkville,,,,,-37.79930717,144.9563897,
Commonwealth Law Courts,Community Use,Public Buildings,Melbourne,,,,,-37.81239617,144.9558238,
City Baths,Leisure/Recreation,Major Sports & Recreation Facility,Melbourne,,,,,-37.80715854,144.9631898,
Flemington Bridge Railway Station,Transport,Railway Station,North Melbourne,,,,,-37.78816459,144.9392778,
Council House 2 (CH2),Mixed Use,Retail/Office/Carpark,Melbourne,,,,,-37.81425914,144.9666384,
Carlton Gardens South,Leisure/Recreation,Informal Outdoor Facility (Park/Garden/Reserve),Carlton,,,,,-37.80606846,144.9712665,
Wesley Church,Place of Worship,Church,Melbourne,,,,,-37.81015764,144.9681682,
Christ Church Kensington,Place of Worship,Church,Kensington,,,,,-37.79321095,144.9272957,
Melbourne Private Hospital,Health Services,Private Hospital,Parkville,,,,,-37.79831113,144.9572884,
Victoria Police,Community Use,Police Station,North Melbourne,,,,,-37.80031213,144.9546975,
Visy Park,Leisure/Recreation,Major Sports & Recreation Facility,Carlton North,,,,,-37.78343039,144.9619826,
Batman Park,Leisure/Recreation,Informal Outdoor Facility (Park/Garden/Reserve),Melbourne,,,,,-37.82184609,144.9566658,
Australian Red Cross,Office,Office,North Melbourne,,,,,-37.7990921,144.9526359,
Polly Woodside,Place Of Assembly,Art Gallery/Museum,South Wharf,,,,,-37.82425743,144.9534781,
Melbourne Town Hall,Community Use,Public Buildings,Melbourne,,,,,-37.81507548,144.9665427,
DFO South Wharf,Mixed Use,Retail/Office,South Wharf,,,,,-37.8248874,144.9497943,
The Ian Potter Centre: NGV Australia,Place Of Assembly,Art Gallery/Museum,Melbourne,,,,,-37.81748314,144.969899,
Channel 7 - Melbourne Broadcast Centre,Purpose Built,Film & RV Studio,Docklands,,,,,-37.81585723,144.9458233,
AAMI Park,Leisure/Recreation,Major Sports & Recreation Facility,Melbourne,,,,,-37.82472527,144.983803,
Kangan Batman Tafe,Education Centre,Further Education,Docklands,,,,,-37.82218182,144.9489085,
Margaret Court Arena,Leisure/Recreation,Major Sports & Recreation Facility,Melbourne,,,,,-37.82132521,144.9775911,
Riverslide Skate Park,Leisure/Recreation,Informal Outdoor Facility (Park/Garden/Reserve),Melbourne,,,,,-37.82078871,144.9729518,
Royal Park,Leisure/Recreation,Informal Outdoor Facility (Park/Garden/Reserve),Parkville,,,,,-37.79061743,144.9538342,
Government House,Residential Accommodation,Dwelling (House),Melbourne,,,,,-37.82756359,144.9766551,
Yarra Park,Leisure/Recreation,Informal Outdoor Facility (Park/Garden/Reserve),East Melbourne,,,,,-37.82046937,144.9866711,
Melbourne Central Railway Station,Transport,Railway Station,Melbourne,,,,,-37.80977593,144.9626701,
Victoria Police Museum,Place Of Assembly,Art Gallery/Museum,Docklands,,,,,-37.82221828,144.95404,
St Pauls Cathedral,Place of Worship,Church,Melbourne,,,,,-37.8169549,144.9676816,
Melbourne Visitor Centre,Community Use,Visitor Centre,Melbourne,,,,,-37.81773524,144.9679371,
Australian Centre For The Moving Image (ACMI),Place Of Assembly,Art Gallery/Museum,Melbourne,,,,,-37.81761073,144.9690704,
Sinclair's Cottage,Place Of Assembly,Art Gallery/Museum,East Melbourne,,,,,-37.81454075,144.980555,
Etihad Stadium,Leisure/Recreation,Major Sports & Recreation Facility,Docklands,,,,,-37.81617605,144.9474963,
Lincoln Square,Leisure/Recreation,Informal Outdoor Facility (Park/Garden/Reserve),Carlton,,,,,-37.80279197,144.9627609,
Bishopscourt,Residential Accommodation,Dwelling (House),East Melbourne,,,,,-37.81329216,144.9835069,
Carlton Football Club,Leisure/Recreation,Major Sports & Recreation Facility,Carlton North,,,,,-37.78408644,144.9619678,
Carlton Gardens Primary School,Education Centre,Primary Schools,Carlton,,,,,-37.80209538,144.9694063,
Kings Domain,Leisure/Recreation,Informal Outdoor Facility (Park/Garden/Reserve),Melbourne,,,,,-37.82552398,144.9741079,
Melbourne Grammar School,Education Centre,Secondary Schools,Melbourne,,,,,-37.8342561,144.976285,
Southgate Arts and Leisure Precinct,Mixed Use,Retail/Office/Carpark,Southbank,,,,,-37.82022458,144.9659891,
Australian Centre for Contemporary Art,Place Of Assembly,Art Gallery/Museum,Southbank,,,,,-37.82660454,144.9672529,
SBS (Special Broadcasting Service),Office,Office,Melbourne,,,,,-37.81769212,144.9687406,
Federation Square,Leisure/Recreation,Informal Outdoor Facility (Park/Garden/Reserve),Melbourne,,,,,-37.81785166,144.9689636,
Royal Womens Hospital,Health Services,Public Hospital,Parkville,,,,,-37.79888925,144.9548973,
South Kensington Railway Station,Transport,Railway Station,Kensington,,,,,-37.79972705,144.9258377,
National Sports Museum,Place Of Assembly,Art Gallery/Museum,East Melbourne,,,,,-37.81895449,144.9846698,
Flagstaff Gardens,Leisure/Recreation,Informal Outdoor Facility (Park/Garden/Reserve),West Melbourne,,,,,-37.81112229,144.9546961,
North Melbourne Primary School,Education Centre,Primary Schools,North Melbourne,,,,,-37.79867372,144.9510658,
Westgate Park,Leisure/Recreation,Informal Outdoor Facility (Park/Garden/Reserve),Port Melbourne,,,,,-37.83149186,144.9088248,
St Peter's Eastern Hill,Place of Worship,Church,East Melbourne,,,,,-37.80970867,144.9752592,
St Mary's Anglican Church,Place of Worship,Church,North Melbourne,,,,,-37.80316637,144.9537615,
Flagstaff Railway Station,Transport,Railway Station,Melbourne,,,,,-37.81223565,144.9563182,
Newmarket Reserve,Leisure/Recreation,Informal Outdoor Facility (Park/Garden/Reserve),Kensington,,,,,-37.78784733,144.9229721,
J.J Holland Park,Leisure/Recreation,Informal Outdoor Facility (Park/Garden/Reserve),Kensington,,,,,-37.79823588,144.9238371,
Royal Childrens Hospital,Health Services,Public Hospital,Parkville,,,,,-37.79420608,144.9500483,
Riverside Park,Leisure/Recreation,"Outdoor Recreation Facility (Zoo, Golf Course)",Kensington,,,,,-37.79483753,144.9156071,
Fitzroy Gardens,Leisure/Recreation,Informal Outdoor Facility (Park/Garden/Reserve),East Melbourne,,,,,-37.81296163,144.9804557,
Peter Maccallum Cancer Institute,Health Services,Public Hospital,East Melbourne,,,,,-37.81147667,144.9774009,
The Melbourne Athenaeum Library,Place Of Assembly,Library,Melbourne,,,,,-37.81488558,144.9672913,
Romanian Orthodox,Place of Worship,Church,Carlton,,,,,-37.80523073,144.9669864,
St Michaels,Place of Worship,Church,North Melbourne,,,,,-37.79405127,144.9453995,
Ukranian Catholic Cathedral,Place of Worship,Church,North Melbourne,,,,,-37.79630846,144.9443135,
The Parish of Christ Church South Yarra,Place of Worship,Church,South Yarra,,,,,-37.83862705,144.9860094,
Queen Victoria Market,Retail,Retail,Melbourne,,,,,-37.8075002,144.9571585,
State Library Victoria,Community Use,Public Buildings,Melbourne,,,,,-37.80998522,144.9643303,
Regent Theatre,Place Of Assembly,Theatre Live,Melbourne,,,,,-37.81600147,144.9679167,
Old Treasury Building,Office,Office,East Melbourne,,,,,-37.81323717,144.9744236,
Supreme Court,Community Use,Public Buildings,Melbourne,,,,,-37.81414942,144.957894,
Richmond Football Club,Leisure/Recreation,Informal Outdoor Facility (Park/Garden/Reserve),East Melbourne,,,,,-37.821674,144.9881563,
Melbourne Convention Centre,Place Of Assembly,Function/Conference/Exhibition Centre,South Wharf,,,,,-37.82490405,144.9522883,
Melbourne International Shooting Club,Leisure/Recreation,Private Sports Club/Facility,Port Melbourne,,,,,-37.82928449,144.9134158,
Crown Entertainment Complex,Purpose Built,Casino,Southbank,,,,,-37.82357611,144.9573129,
Kensington Primary School,Education Centre,Primary Schools,Kensington,,,,,-37.7925235,144.9271087,
Fox Classic Car Collection,Place Of Assembly,Art Gallery/Museum,Docklands,,,,,-37.82137443,144.9484967,
ANZ 'Gothic' Bank,Mixed Use,Retail/Office/Carpark,Melbourne,,,,,-37.81615807,144.9616737,
Scots Church,Place of Worship,Church,Melbourne,,,,,-37.81456878,144.9685511,
South Yarra Presbyterian Church,Place of Worship,Church,South Yarra,,,,,-37.84074736,144.985627,
Port of Melbourne,Transport,Transport Terminal,West Melbourne,,,,,-37.81373844,144.9175343,
FairFax Studio,Place Of Assembly,Theatre Live,Melbourne,,,,,-37.82166846,144.9688362,
Epworth Freemasons Hospital : Medical Centre,Health Services,Private Hospital,East Melbourne,,,,,-37.80934446,144.9823368,
Melbourne Central Railway Station,Transport,Railway Station,Melbourne,,,,,-37.81059924,144.9616906,
Melbourne Central Railway Station,Transport,Railway Station,Melbourne,,,,,-37.810893,144.9631007,
St Augustines Church,Place of Worship,Church,Melbourne,,,,,-37.81697414,144.954862,
Melbourne Unitarian Church,Place of Worship,Church,East Melbourne,,,,,-37.81144878,144.9846649,
Our Lady of Lebanon Church,Place of Worship,Church,Carlton,,,,,-37.80257665,144.9693347,
St Alban Anglican Church,Place of Worship,Church,North Melbourne,,,,,-37.79421695,144.9416145,
Playhouse,Place Of Assembly,Theatre Live,Melbourne,,,,,-37.82181246,144.9683378,
Victorian Arts Centre,Place Of Assembly,Art Gallery/Museum,Southbank,,,,,-37.82199473,144.9688373,
The Royal Victorian Eye & Ear Hospital,Health Services,Public Hospital,East Melbourne,,,,,-37.80875228,144.9762683,
Central Pier,Place Of Assembly,Function/Conference/Exhibition Centre,Docklands,,,,,-37.81651773,144.943475,
NGV International,Community Use,Public Buildings,Southbank,,,,,-37.8230135,144.9693425,
Macaulay Railway Station (North Melbourne) - Train stop,Transport,Railway Station,West Melbourne,,,,,-37.794964,144.9361908,
Kensington Railway Station,Transport,Railway Station,Kensington,,,,,-37.79391401,144.9307102,
Royal Botanic Gardens,Leisure/Recreation,Informal Outdoor Facility (Park/Garden/Reserve),Melbourne,,,,,-37.83066316,144.9808504,
Coronial Services Centre of Victoria,Office,Office,Southbank,,,,,-37.82434374,144.9644746,
Darling Square,Leisure/Recreation,Informal Outdoor Facility (Park/Garden/Reserve),East Melbourne,,,,,-37.81299207,144.9890626,
Melbourne Wholesale Fish Market,Warehouse/Store,Store Yard,West Melbourne,,,,,-37.8083471,144.9306133,
The Ian Potter Museum Of Art,Place Of Assembly,Art Gallery/Museum,Parkville,,,,,-37.79739396,144.9641567,
University of Melbourne,Education Centre,Tertiary (University),Parkville,,,,,-37.79828923,144.9609952,
QV Village,Mixed Use,Retail/Office/Residential/Carpark,Melbourne,,,,,-37.81068919,144.9657146,
Parliament Reserve,Leisure/Recreation,Informal Outdoor Facility (Park/Garden/Reserve),East Melbourne,,,,,-37.80985262,144.9734622,
North Melbourne Football Club,Office,Office,North Melbourne,,,,,-37.79977136,144.9409635,
North Melbourne Recreation Centre (Gymnasium),Leisure/Recreation,Gymnasium/Health Club,North Melbourne,,,,,-37.79970512,144.9403683,
Conservatory,Community Use,Public Buildings,East Melbourne,,,,,-37.81400213,144.9785597,
Freshwater Place,Mixed Use,Retail/Office/Residential/Carpark,Southbank,,,,,-37.82197455,144.9624614,
Collins Street Baptist Church,Place of Worship,Church,Melbourne,,,,,-37.81470119,144.9680725,
St Thomas Aquinas Church,Place of Worship,Church,South Yarra,,,,,-37.83530769,144.9768091,
Melbourne Visitor Booth,Community Use,Visitor Centre,Melbourne,,,,,-37.81395251,144.9644259,
Powlett Reserve,Leisure/Recreation,Informal Outdoor Facility (Park/Garden/Reserve),East Melbourne,,,,,-37.81169299,144.9872757,
Carlton Primary School,Education Centre,Primary Schools,Carlton,,,,,-37.79590798,144.9701473,
State Theatre,Place Of Assembly,Theatre Live,Southbank,,,,,-37.82128063,144.9684696,
University of Melbourne (VCA and Music),Education Centre,Tertiary (University),Southbank,,,,,-37.82411377,144.9693325,
St Martins Youth Arts Centre,Place Of Assembly,Theatre Live,South Yarra,,,,,-37.83524295,144.9811422,
Australian Broadcasting Corporation (ABC),Office,Office,Southbank,,,,,-37.82381332,144.9665514,
IMAX Melbourne,Place Of Assembly,Cinema,Carlton,,,,,-37.80343156,144.9706399,
Richmond Railway Station (Richmond) - Train stop,Transport,Railway Station,Richmond,,,,,-37.82389927,144.9894008,
Victorian Insitute of Forensic Medicine,Office,Office,Southbank,,,,,-37.82469241,144.9649791,
Parliament Railway Station,Transport,Railway Station,East Melbourne,,,,,-37.81215728,144.973742,
Showgrounds Railway Station (Flemington),Transport,Railway Station,Flemington,,,,,-37.78346512,144.9149026,
Alfred Hospital,Health Services,Public Hospital,Melbourne,,,,,-37.84626312,144.9817863,
Comedy Theatre,Place Of Assembly,Theatre Live,Melbourne,,,,,-37.81020539,144.9701331,
La Mama Theatre,Place Of Assembly,Theatre Live,Carlton,,,,,-37.7991305,144.9676695,
Forum Theatre,Place Of Assembly,Theatre Live,Melbourne,,,,,-37.81648541,144.9693866,
Royal Dental Hospital,Health Services,Public Hospital,Melbourne,,,,,-37.79950659,144.9645268,
Webb Bridge,Transport,Bridge,Docklands,,,,,-37.82320524,144.947291,
David Jones,Retail,Department Store,Melbourne,,,,,-37.81331273,144.9643735,
